REGION,TIMESLICE,FUEL,2019,2020,2021,2022,2023,2024,2025,2026,2027,2028,2029,2030,2031,2032,2033,2034,2035,2036,2037,2038,2039,2040,2041,2042,2043,2044,2045,2046,2047,2048,2049,2050
Cuba,111,RESELEC,65.92615768303904,60.80135240066991,64.56731605277871,63.09296743550348,63.069681880734414,65.58428315400027,67.08810566735833,67.82607482969928,68.57216165282597,69.32645543100703,70.08904644074808,70.86002595159636,71.63948623706389,72.4275205856716,73.22422331211395,74.02968976854723,74.84401635600123,75.6673005359172,76.49964084181225,77.34113689107224,78.191889396874,79.05200018023962,79.92157218222228,80.80070947622664,81.68951728046518,82.58810197055027,83.49657109222635,84.41503337424075,85.34359874135741,86.28237832751235,87.23148448911496,88.1910308184952
Cuba,112,RESELEC,52.16664837092826,48.11144593640801,51.091411833431614,49.92477587895449,49.90635027384642,51.896126790873694,53.08608511733655,53.67003205362726,54.26040240621716,54.857266832685525,55.46069676784505,56.07076443229138,56.68754284104656,57.31110581229808,57.94152797623333,58.57888478397192,59.2232525165956,59.87470829427811,60.533330085515146,61.19919671645585,61.87238788033683,62.55298414702055,63.24106697263779,63.93671870933673,64.64002261513949,65.351062863906,66.06992455540897,66.79669372551842,67.53145735649912,68.27430338742062,69.02532072468222,69.78459925265369
Cuba,113,RESELEC,60.68283790981702,55.96562490667869,59.43206933339484,58.07498041286621,58.05354683330762,60.368153763792655,61.752372426466486,62.43164852315763,63.11839665691236,63.81269902013837,64.51463870935987,65.22429973516289,65.94176703224964,66.6671264696044,67.40046486077,68.1418699742385,68.89143054395512,69.64923627993858,70.41537787901787,71.18994703568711,71.97303645307964,72.76473985406352,73.56515199245824,74.3743686643752,75.19248671968339,76.01960407359987,76.85581971840948,77.70123373531192,78.55594730640034,79.42006272677077,80.29368341676523,81.1769139343496
Cuba,114,RESELEC,69.67752162963181,64.26110205567879,68.24135849786073,66.68311574141623,66.65850518009883,69.31619358126828,70.90558737250679,71.68554883360437,72.47408987077402,73.27130485935251,74.07728921280537,74.89213939414627,75.71595292748187,76.54882840968416,77.39086552219064,78.24216504293477,79.10282885840704,79.97295997584946,80.85266253558378,81.74204182347525,82.64120428353344,83.55025753065232,84.46931036348951,85.3984727774878,86.33785597804024,87.28757239379864,88.24773569013045,89.21846078272179,90.19986385133174,91.1920623536964,92.19517503958704,93.20932196502244
Cuba,115,RESELEC,79.69035801143663,73.4955852225476,78.0478145992009,76.26564841094515,76.23750124961711,79.27710620712132,81.09489991279021,81.9869438118309,82.88880019376104,83.80057699589237,84.72238334284717,85.65432955961855,86.59652718477432,87.54908898380684,88.51212896262865,89.48576238121761,90.470105767411,91.46527693085244,92.4713949770918,93.48858032183986,94.51695470538009,95.55664120713926,96.6077642604178,97.6704496672823,98.74482461362248,99.83101768437228,100.9291588789004,102.0393796265682,103.16181280246046,104.29659274328756,105.44385526346367,106.60373767136171
Cuba,116,RESELEC,71.53593201433021,65.97504791080304,70.06146412636544,68.46166055586315,68.43639359171085,71.1649667719096,72.79675222487674,73.5975164993504,74.40708918084324,75.2255671618325,76.05304840061262,76.88963193301943,77.73541788428261,78.59050748100972,79.45500306330078,80.32900809699713,81.21262718606408,82.10596608511072,83.00913171204691,83.92223216087949,84.84537671464912,85.77867585851027,86.7222412929539,87.6761859471763,88.64062399259531,89.61567085651382,90.60144323593548,91.59805911153067,92.60563776175754,93.62429977713688,94.65416707468538,95.69536291250684
Cuba,117,RESELEC,76.99723902388826,71.01181728621313,75.41020502285043,73.68826676831621,73.66107083442033,76.59795297789822,78.35431472534347,79.21621218732227,80.08759052138281,80.968554017118,81.85920811130626,82.7596594005307,83.6700156539365,84.5903858261298,85.52088007021717,86.4616097509896,87.41268745825047,88.37422702029117,89.34634351751434,90.32915329620704,91.3227739824653,92.3273244962724,93.34292506573144,94.36969724145438,95.40776391111044,96.45724931413262,97.51827905658811,98.59098012621048,99.6754809075988,100.7719111975824,101.88040222075578,103.00108664518405
Cuba,118,RESELEC,88.40066624507764,81.52879296655533,86.57858970280306,84.60162934859498,84.57040564881,87.9422452297873,89.9587272570631,90.94827325689084,91.94870426271662,92.96014000960646,93.98270154971208,95.016511266759,96.06169289069332,97.11837151249097,98.18667359912828,99.26672700871876,100.35866100581464,101.46260627687852,102.57869494592414,103.7070605903294,104.84783825682295,106.00116447764802,107.16717728690216,108.34601623705798,109.5378224156657,110.74273846223798,111.96090858532264,113.19247857976106,114.43759584413844,115.696409398424,116.96906990180662,118.25572967072642
Cuba,121,RESELEC,65.67808084207299,60.572559946200776,64.32435246504713,62.8555517480335,62.83235381564484,65.33749276982392,66.83565647412047,67.57084869533581,68.31412803098449,69.06558343932531,69.82530485715785,70.59338321058664,71.36991042590307,72.15497944058801,72.94868421443444,73.75111974079324,74.56238205794195,75.38256826057926,76.21177651144562,77.05010605307156,77.89765721965531,78.75453144907154,79.62083129501133,80.49666043925637,81.38212370408824,82.27732706483319,83.18237766254637,84.0973838168343,85.02245503881947,85.9577020442465,86.9032367667332,87.85917237116722
Cuba,122,RESELEC,52.17671718692138,48.12073204758103,51.10127311531657,49.93441198549998,49.91598282401952,51.906143392816325,53.09633139612833,53.68039104148576,54.27087534294209,54.86785497171443,55.47140137640328,56.08158679154376,56.69848424625071,57.32216757295948,57.95271141626199,58.590191241840905,59.23468334550114,59.886264862301616,60.545013775786906,61.2110089273206,61.8843300255211,62.56505765580184,63.25327329001568,63.949059296205775,64.65249894846409,65.36367643689717,66.08267687770305,66.80958632335772,67.54449177291465,68.28748118241673,69.0386434754233,69.79806855365291
Cuba,123,RESELEC,61.75105287520519,56.95080160789792,60.47826671098402,59.09728861941125,59.07547773926431,61.43082926652989,62.8394146717914,63.53064823318111,64.22948536374611,64.93600970274728,65.65030580947749,66.3724591733818,67.10255622428896,67.84068434275615,68.58693187052641,69.34138812110224,70.10414339043436,70.87528896772909,71.65491714637407,72.44312123498423,73.23999556856903,74.04563551982329,74.86013751054138,75.68359902315724,76.51611861241203,77.35779591714854,78.20873167223719,79.06902772063172,79.93878702555867,80.81811368283982,81.70711293335104,82.60589117561786
Cuba,124,RESELEC,67.8386477535767,62.56517402820363,66.44038669987901,64.9232678501172,64.89930679121066,67.48685558842601,69.0343033595835,69.79368069653894,70.56141118420085,71.33758670722703,72.1223001610065,72.91564546277765,73.71771756286817,74.52861245605972,75.34842719307632,76.1772598922002,77.0152097510144,77.8623770582755,78.7188632059165,79.58477070118164,80.4602031788946,81.34526541386244,82.24006333341495,83.14470403008241,84.0592957744134,84.9839480279319,85.91877145623917,86.86387794225772,87.81938059962256,88.78539378621842,89.7620331178668,90.74941548216329
Cuba,125,RESELEC,77.39772993703521,71.38117582308683,75.80244118940739,74.07154650172461,74.04420911179032,76.9963670577042,78.76186428752479,79.62824479468757,80.50415548742913,81.38970119779081,82.28498791096649,83.1901227779872,84.10521412854501,85.03037148395903,85.96570557028251,86.91132833155565,87.86735294320276,88.83389382557793,89.81106665765925,90.79898839089356,91.79777726319334,92.80755281308848,93.82843589403248,94.86054868886671,95.90401472444434,96.9589588864132,98.02550743416376,99.10378801593946,100.1939296841148,101.29606291064007,102.41031960265708,103.53683311828624
Cuba,126,RESELEC,70.82491581033909,65.31930293338002,69.3651030828103,67.78120042014271,67.75618459161458,70.45763769816269,72.07320436616644,72.86600961419428,73.66753571995042,74.47787861286984,75.29713527761137,76.12540376566517,76.96278320708745,77.80937382236542,78.66527693441138,79.53059498068995,80.40543152547754,81.28989127225773,82.18408007625253,83.08810495709136,84.00207411161932,84.92609692684715,85.86028399304249,86.80474711696586,87.75959933525255,88.72495492794029,89.70092943214766,90.6876396559012,91.68520369211612,92.6937409327294,93.7133720829894,94.74421917590224
Cuba,127,RESELEC,76.1613741978588,70.24092886145336,74.59156868340047,72.88832340588472,72.86142270497176,75.76642271198543,77.50371778866322,78.35625868433853,79.21817752986625,80.08957748269475,80.97056283500437,81.86123902618947,82.76171265547752,83.67209149468779,84.59248450112929,85.52300183064176,86.46375485077881,87.41485615413731,88.37641957183278,89.34856018712301,90.33139434918132,91.32503968702233,92.3296151235796,93.34524088993884,94.37203853972828,95.41013096366522,96.45964240426558,97.5206984707124,98.59342615389023,99.67795384158303,100.77441133384043,101.88292985851264
Cuba,128,RESELEC,87.60141076988391,80.79166804507791,85.79580813798235,83.83672204258315,83.80578064511634,87.14713446890376,89.14538491072452,90.1259841447425,91.11736997033468,92.11966104000832,93.13297731144836,94.15744006187438,95.19317190255497,96.24029679348308,97.29894005821131,98.3692283988517,99.45128991123906,100.54525410026262,101.65125189536548,102.76941566621454,103.89987923854288,105.04277791016683,106.1982484671787,107.36642920031754,108.54745992152112,109.74148198065782,110.94863828244507,112.16907330355184,113.40293310989092,114.65036537409976,115.91151939321482,117.18654610654012
Cuba,211,RESELEC,76.54657372857878,70.59618469972744,74.96882864693353,73.25696890718532,73.22993215125133,76.14962470617698,77.89570645792867,78.7525592289659,79.61883738048452,80.49464459166981,81.38008568217816,82.27526662468219,83.18029455755365,84.09527779768675,85.02032585346124,85.95554943784937,86.90106048166568,87.85697214696395,88.82339884058052,89.80045622782697,90.78826124633302,91.78693212004268,92.7965883733632,93.81735084547007,94.84934170477032,95.89268446352276,96.94750399262152,98.01392653654028,99.09207972844222,100.1820926054551,101.28409562411508,102.3982206759803
Cuba,212,RESELEC,61.914836785560006,57.10185368799823,60.63867477776509,59.25403388237893,59.232165152671975,61.59376383954754,63.00608527221264,63.69915221020699,64.39984288451926,65.10824115624895,65.82443180896766,66.54850055886637,67.28053406501387,68.02061993972902,68.768846759066,69.52530407341575,70.29008241822332,71.06327332482373,71.84496933139675,72.63526399404216,73.43425189797661,74.24202866885435,75.05869098421176,75.88433658503801,76.71906428747349,77.56297399463567,78.41616670857668,79.27874454237094,80.15081073233702,81.03246965039274,81.92382681654705,82.82498891152902
Cuba,213,RESELEC,66.37121516357712,61.21181309887791,65.00320019979233,63.51889847886143,63.4954557268477,66.02703269150176,67.54100728231275,68.28395836241819,69.03508190440479,69.79446780535321,70.56220695121206,71.33839122767546,72.12311353117985,72.91646778002284,73.71854892560305,74.5294529637847,75.34927694638634,76.17811899279653,77.01607830171726,77.86325516303621,78.71975096982956,79.5856682304977,80.4611105810332,81.34618279742448,82.2409908081962,83.14564170708633,84.06024376586429,84.98490644728872,85.91974041820889,86.86485756280922,87.82037099600008,88.78639507695605
Cuba,214,RESELEC,72.09773471808408,66.49317857958575,70.6116871942254,68.99931967234825,68.97385427576658,71.7238561247037,73.36845669664126,74.17550972030433,74.99144032722768,75.81634617082715,76.65032597870622,77.49347956447204,78.3459078396812,79.2077128259177,80.07899766700275,80.95986664133981,81.85042517439454,82.75077985131283,83.66103842967723,84.58130985240373,85.51170426078014,86.45233300764873,87.40330867073288,88.36474506611084,89.33675726183814,90.31946159171832,91.31297566922724,92.31741840158864,93.33291000400612,94.35957201405022,95.39752730620476,96.44690010657295
Cuba,215,RESELEC,82.49184468039451,76.0792968203632,80.79155822888292,78.94674061148501,78.91760394654327,82.06406515340859,83.94576276113568,84.8691661515082,85.80272697917478,86.74655697594567,87.70076910268104,88.66547756281061,89.64079781600148,90.62684659197753,91.6237419044892,92.63160306543864,93.65055069915844,94.68070675684912,95.7221945311744,96.7751386710174,97.83966519639854,98.91590151355894,100.00397643020813,101.10402017094027,102.2161643928207,103.34054220114167,104.47728816535428,105.62653833517308,106.78843025685998,107.96310298968544,109.15069712257196,110.3513547909202
Cuba,216,RESELEC,74.64289436727873,68.84048887621573,73.10438710651844,71.43510055975932,71.40873619596205,74.25581729112645,75.95847476361858,76.7940179860184,77.6387521838646,78.49277845788708,79.35619902092381,80.22911721015403,81.1116374994657,82.00386551195983,82.90590803259133,83.81787302094988,84.7398696241803,85.67200819004624,86.6144002801367,87.56715868321827,88.53039742873364,89.50423180044972,90.48877835025468,91.48415491210736,92.49048061614064,93.50787590291814,94.53646253785028,95.57636362576652,96.62770362564994,97.69060836553211,98.76520505755296,99.85162231318598
Cuba,217,RESELEC,76.17083113176778,70.24965065552475,74.60083069505185,72.89737392610505,72.8704698849405,75.77583060489248,77.51334140095419,78.3659881563647,79.22801402608471,80.09952218037161,80.98061692435567,81.87140371052364,82.77198915133937,83.6824810320041,84.6029883233561,85.53362119491307,86.47449102805709,87.42571042936565,88.38739324408864,89.35965456977367,90.34261077004116,91.3363794885116,92.34107966288526,93.3568315391769,94.38375668610792,95.42197800965506,96.4716197677613,97.53280758520656,98.60566846864384,99.69033082179894,100.7869244608387,101.89558062990788
Cuba,218,RESELEC,81.7042079630867,75.35288746638594,80.02015594110375,78.19295274483838,78.1640942783927,81.28051289879734,83.14424395319472,84.05883063667989,84.98347777368336,85.91829602919384,86.86339728551495,87.81889465565568,88.78490249686784,89.7615364243334,90.748913325001,91.74715137157608,92.75637003666338,93.77669010706664,94.80823369824432,95.85112426892506,96.9054866358832,97.97144698887791,99.0491329057556,100.1386733677188,101.2401987747638,102.35384096128614,103.47973321186034,104.61801027719068,105.7688083902398,106.93226528253244,108.10852020064029,109.29771392284724
Cuba,221,RESELEC,78.70856678025406,72.59011406012954,77.08625962694867,75.32604986077209,75.29824947459808,78.30040626938846,80.09580461927203,80.97685847008403,81.86760391325495,82.76814755630072,83.67859717942,84.59906174839368,85.52965142762599,86.47047759332986,87.42165284685643,88.38329102817191,89.35550722948179,90.33841780900605,91.33214040490503,92.33679394935908,93.35249868280198,94.3793761683128,95.41754930616426,96.46714234853197,97.5282809143659,98.60109200442388,99.68570401647256,100.78224676065366,101.89085147502088,103.01165084124612,104.1447790004998,105.29037156950524
Cuba,222,RESELEC,62.5744386840885,57.710181078613,61.28468124542639,59.88528925303677,59.863187547578256,62.249945227972944,63.67731264875144,64.37776308788771,65.08591848185448,65.80186358515485,66.52568408459153,67.25746660952208,67.9972987422268,68.7452690283913,69.50146698770357,70.26598312456834,71.03890893893858,71.82033693726686,72.61036064357677,73.40907461065615,74.21657443137333,75.03295675011846,75.85831927436978,76.69276078638775,77.53638115503807,78.38928134774346,79.25156344256867,80.12333064043683,81.00468727748164,81.89573883753395,82.79659196474682,83.70735447635899
Cuba,223,RESELEC,68.55451557204778,63.225393477248765,67.14149935852146,65.60837110118293,65.58415719302988,68.19901111754346,69.76278834243888,70.53017901420573,71.30601098336199,72.09037710417894,72.88337125232488,73.6850883361005,74.49562430779758,75.31507617518336,76.14354201311033,76.98112097525458,77.82791330598238,78.68402035234813,79.54954457622392,80.42458956656243,81.30926005179458,82.20366191236434,83.10790219340036,84.02208911752767,84.94633209782053,85.88074175089653,86.82542991015642,87.78050963916805,88.7460952451989,89.7223022928961,90.70924761811794,91.7070493419172
Cuba,224,RESELEC,71.77466901695661,66.19522656428312,70.2952803844914,68.69013778647584,68.6647864988358,71.40246575152351,73.03969696520139,73.84313363181862,74.65540810176863,75.47661759088805,76.30686038438779,77.14623584861612,77.99484444295086,78.85278773182333,79.72016839687333,80.59709024923897,81.48365824198059,82.37997848264233,83.28615824595136,84.20230598665687,85.12853135251007,86.06494519738769,87.01165959455896,87.968787850099,88.93644451645017,89.91474540613109,90.90380760559856,91.90374948926004,92.9146907336419,93.936752331712,94.9700566073608,96.01472723004171
Cuba,225,RESELEC,83.11450685327233,76.65355601474441,81.40138635664374,79.5426437488342,79.51328715549622,82.6834983752208,84.57939934966451,85.50977274251083,86.45038024267845,87.40133442534788,88.36274910402668,89.33473934417103,90.31742147695688,91.3109131132034,92.31533315744858,93.33080182218056,94.35744064222456,95.39537248928896,96.4447215866711,97.50561352412451,98.57817527288988,99.66253520089164,100.75882308810148,101.86717014207048,102.98770901363334,104.12057381278328,105.26590012472391,106.42382502609576,107.59448710138282,108.77802645949808,109.97458475055252,111.18430518280852
Cuba,226,RESELEC,76.69559330742386,70.73362016155917,75.11477669826093,73.39958433884037,73.37249494820588,76.29787151135943,78.04735250561932,78.90587338318115,79.77383799039615,80.65135020829047,81.53851506058163,82.4354387262481,83.34222855223679,84.2589930663114,85.18584199004077,86.12288625193126,87.07023800070249,88.02801061871016,88.99631873551594,89.97527824160667,90.9650063022643,91.96562137158922,92.97724320667672,93.99999288195006,95.0339928036516,96.0793667244917,97.13623975846116,98.20473839580411,99.28499051815795,100.37712541385773,101.48127379341014,102.5975678051376
Cuba,227,RESELEC,77.78973540174408,71.74270853241512,76.18636680594284,74.44670545059476,74.41922960173855,77.38633969222339,79.16077884530945,80.03154741260786,80.91189443414655,81.80192527292212,82.70174645092423,83.61146566188447,84.53119178416517,85.46103489379098,86.40110627762263,87.35151844667651,88.31238514958996,89.28382138623537,90.26594342148394,91.25886879912032,92.2627163559106,93.27760623582562,94.30365990441972,95.34100016336822,96.38975116516536,97.45003842798214,98.52198885068997,99.60573072804746,100.70139376605596,101.80910909748262,102.9290092975549,104.06122839982795
Cuba,228,RESELEC,83.28794314800895,76.81351014594142,81.57124785700786,79.70862658297057,79.6792087307866,82.85603527806708,84.75589245766253,85.68820727469682,86.63077755471848,87.58371610782035,88.54713698500635,89.52115549184148,90.5058882022517,91.50145297247649,92.50796895517364,93.5255566136806,94.55433773643108,95.59443545153177,96.64597424149856,97.70907995815512,98.78387983769478,99.87050251590942,100.96907804358446,102.07973790206375,103.20261501898656,104.33784378419536,105.48556006582156,106.64590122654546,107.81900614003747,109.00501520757793,110.20407037486125,111.41631514898464
Cuba,311,RESELEC,82.15632256336015,75.76985669533563,80.46295174953353,78.62563762675293,78.59661947044127,81.73028295979422,83.60432706956149,84.52397466732668,85.45373838866728,86.39372951094258,87.34406053556292,88.30484520145417,89.27619849867014,90.25823668215553,91.25107728565916,92.25483913580146,93.26964236629526,94.29560843232444,95.33286012507996,96.38152158645592,97.4417183239069,98.51357722546987,99.59722657495008,100.6927960672744,101.8004168240145,102.9202214090786,104.05234384457852,105.19691962686878,106.35408574276433,107.52398068593476,108.70674447348,109.90251866268824
Cuba,312,RESELEC,71.83891525650544,66.25447858788819,70.35820240816062,68.75162303060604,68.72624905076941,71.46637882812668,73.10507554419131,73.90923137517743,74.72223292030438,75.54417748242768,76.37516343473438,77.21529023251651,78.06465842507416,78.92336966774998,79.79152673409519,80.66923352817025,81.55659509698013,82.45371764304686,83.36070853712033,84.2776763310287,85.20473077066998,86.14198280914736,87.08954462004802,88.04752961086844,89.01605243658805,89.9952290133905,90.9851765325378,91.98601347439563,92.997859622614,94.02083607846276,95.05506527532584,96.10067099335436
Cuba,313,RESELEC,72.48809772754575,66.85319651080778,70.99400420909535,69.37290675082478,69.34730347544726,72.11219482128708,73.76569985091855,74.57712254927866,75.39747089732073,76.22684307719123,77.0653383510403,77.91305707290181,78.77010070070371,79.63657180841143,80.51257409830392,81.3982124133853,82.29359274993251,83.19882227018172,84.1140093151537,85.03926341762042,85.97469531521422,86.92041696368159,87.8765415502821,88.8431835073351,89.82045852591585,90.8084835697009,91.80737688896764,92.81725803474616,93.8382478731284,94.87046859973282,95.91404375432984,96.96909823562744
Cuba,314,RESELEC,76.39172782216059,70.45337582302636,74.81717435779309,73.10877753558842,73.08179547225235,75.99558178711905,77.73813139368959,78.59325083902019,79.4577765982494,80.33181214083011,81.21546207437922,82.10883215719744,83.0120293109266,83.92516163334679,84.84833841131355,85.78167013383803,86.72526850531024,87.67924645886859,88.64371816991613,89.61879906978524,90.60460585955283,91.60125652400794,92.60887034577205,93.62756791957544,94.65747116669084,95.6987033495244,96.7513890863692,97.81565436631917,98.89162656434868,99.97943445655652,101.07920823557862,102.19107952616991
Cuba,315,RESELEC,85.08281863777354,78.46886002531986,83.32912814452887,81.42636692772048,81.39631511364658,84.64160304788693,86.58240261310051,87.53480904184464,88.49769194130492,89.47116655265924,90.45534938473844,91.45035822797068,92.4563121684783,93.47333160233156,94.50153824995716,95.54105517070673,96.59200677758449,97.65451885213784,98.72871855951132,99.814734463666,100.9126965427663,102.02273620473672,103.14498630298884,104.2795811523216,105.42665654499724,106.58634976699216,107.75879961442912,108.94414641018771,110.1425320206998,111.3540998729275,112.57899497152968,113.81736391621644
Cuba,316,RESELEC,78.7168712046535,72.59777293563722,77.09439288412123,75.33399740081717,75.30619408146556,78.30866762937643,80.10425540908287,80.98540221858279,81.8762416429872,82.77688030106002,83.68742598437166,84.60798767019982,85.53867553457198,86.47960096545226,87.4308765760722,88.39261621840903,89.36493499681151,90.3479492817764,91.34177672387588,92.34653626783856,93.36234816678476,94.3893339966194,95.42761667058224,96.47732045395853,97.53857097895217,98.61149525972058,99.69622170757754,100.7928801463608,101.90160182797077,103.02251944807846,104.1557671620073,105.30148060078932
Cuba,317,RESELEC,77.8752982257785,71.82162008435972,76.27016604581907,74.52859119458802,74.50108512437667,77.47145881149481,79.24784971341033,80.11957606025786,81.0008913969207,81.89190120228679,82.79271211551192,83.70343194878261,84.6241697002192,85.5550355669216,86.49614095815768,87.44759850869745,88.40952209229313,89.38202683530828,90.36522913049664,91.35924665093216,92.36419836409236,93.3802045460974,94.40738679610448,95.44586805086152,96.49577259942107,97.55722609801468,98.63035558509286,99.71528949652878,100.8121576809906,101.92109141548153,103.0422234210518,104.1756878786833
Cuba,318,RESELEC,80.16887904652364,73.93690816791536,78.5164725643581,76.72360490568131,76.69528872755991,79.75314576658083,81.58185487716591,82.47925528081473,83.38652708890369,84.3037788868816,85.23112045463728,86.16866277963835,87.11651807021434,88.0747997689867,89.04362256644549,90.02310241467643,91.01335654123788,92.01450346319142,93.02666300128648,94.0499562943007,95.08450581353796,96.13043537748688,97.18787016663929,98.2569367384722,99.33776304259548,100.43047843606398,101.5352136988607,102.65210104954808,103.7812741610931,104.92286817686514,106.07701972681063,107.2438669438055
Cuba,321,RESELEC,83.30178145531437,76.82627272499465,81.58480093507013,79.72187018616037,79.69244744619478,82.86980182379925,84.76997466501982,85.70244438633505,86.64517127458471,87.59826815860511,88.56184910834975,89.53602944854167,90.5209257724756,91.51665595597282,92.52333917148846,93.54109590237488,94.570047957301,95.61031848483124,96.66203198816432,97.72531434003422,98.80029279777456,99.88709601855008,100.98585407475416,102.09669846957632,103.21976215274174,104.35517953642186,105.50308651132254,106.66362046294698,107.8369202880394,109.02312641120784,110.2223808017311,111.43482699055008
Cuba,322,RESELEC,71.57384469016428,66.01001342441482,70.09859536241827,68.49794392662004,68.47266357145998,71.20268284325994,72.83533311130905,73.63652177553345,74.44652351506433,75.26543527373,76.09335506174102,76.93038196742022,77.77661616906182,78.6321589469215,79.49711269533759,80.37158093498634,81.25566832527117,82.14948067684911,83.0531249642944,83.9667093389017,84.89034314162957,85.82413691618751,86.7682024222656,87.72265264891041,88.68760182804851,89.663165448157,90.64946026808674,91.6466043310356,92.654716978677,93.67391886544246,94.70433197296232,95.74607962466486
Cuba,323,RESELEC,72.87506069878113,67.21007870760151,71.37299126586576,69.74323990842029,69.7174999551629,72.49715111128704,74.15948304132392,74.9752373547785,75.79996496568106,76.63376458030352,77.47673599068683,78.32898008658444,79.19059886753685,80.06169545507976,80.94237410508558,81.83274022024156,82.7329003626642,83.64296226665346,84.56303485158661,85.49322823495412,86.43365374553858,87.38442393673951,88.34565260004365,89.31745477864403,90.2999467812092,91.29324619580244,92.2974719039563,93.31274409489974,94.33918427994362,95.37691530702304,96.42606137540028,97.4867480505296
Cuba,324,RESELEC,76.09931074147133,70.18368994118804,74.53078445230415,72.82892713935851,72.80204835966869,75.70468109924346,77.44056046436984,78.29240662947791,79.15362310240216,80.02431295652856,80.90458039905035,81.79453078343997,82.69427062205777,83.60390759890042,84.52355058248826,85.45330963889567,86.39329604492352,87.34362230141761,88.30440214673317,89.27575057034728,90.25778382662106,91.25061944871392,92.2543762626498,93.26917440153883,94.29513531995585,95.3323818084753,96.38103800836856,97.44122942646052,98.51308295015158,99.59672686260326,100.69229085809188,101.79990605753083
Cuba,325,RESELEC,85.8544480027005,79.18050636705254,84.08485301659525,82.16483536126212,82.13451100259486,85.40923095974883,87.36763193920719,88.32867589053848,89.3002913253344,90.28259452991304,91.27570306974206,92.2797358035093,93.29481289734784,94.32105583921869,95.35858745345004,96.40753191543804,97.46801476650784,98.54016292893937,99.62410472115764,100.71996987309043,101.8278895416944,102.94799632665304,104.08042428624624,105.22530895339484,106.38278735188229,107.55299801275292,108.73608099089324,109.93217788179297,111.14143183849268,112.36398758871611,113.59999145219196,114.849591358166
Cuba,326,RESELEC,80.45353900551807,74.19943993208086,78.79526523461095,76.99603154412392,76.96761482222294,80.03632955901502,81.87153196558505,82.77211881720649,83.68261212419577,84.60312085756188,85.53375518699504,86.47462649405205,87.42584738548659,88.38753170672695,89.35979455550088,90.34275229561143,91.33652257086317,92.34122431914258,93.35697778665312,94.38390454230634,95.42212749227168,96.47177089468668,97.53296037452826,98.60582293864796,99.69048699097316,100.78708234787382,101.89574025370048,103.01659339649106,104.14977592385247,105.29542345901488,106.453673117064,107.62466352135164
Cuba,327,RESELEC,79.01970474728051,72.87706555014894,77.39098455191095,75.62381660938087,75.5959063272198,78.6099307623451,80.41242639039592,81.29696308069029,82.19122967457788,83.0953332009982,84.00938186620915,84.9334850667375,85.8677534024716,86.8122986898988,87.76723397548761,88.73267354921802,89.7087329582594,90.6955290208002,91.69317984002898,92.70180481826934,93.72152467127027,94.75246144265424,95.79473851852346,96.84848064222712,97.91381392929168,98.99086588251386,100.07976540722154,101.18064282670088,102.2936298977946,103.41885982667036,104.5564672847637,105.70658842489604
Cuba,328,RESELEC,80.62108530300009,74.35396192812391,78.95935813981264,77.15637750485465,77.12790160449366,80.20300700847741,82.04203126517551,82.94449360909245,83.85688303879246,84.77930875221914,85.71188114849353,86.65471184112701,87.6079136713794,88.57160072176457,89.54588832970391,90.53089310133068,91.52673292544532,92.53352698762517,93.551395784489,94.58046113811844,95.6208462106377,96.67267551895472,97.73607494966323,98.81117177410944,99.89809466362472,100.99697370492456,102.10794041567875,103.2311277602511,104.36667016561388,105.51470353743564,106.6753652763474,107.84879429438718
Cuba,411,RESELEC,74.20432583930044,68.4360127083545,72.67485816456313,71.01537960488423,70.98917014639068,73.81952305630014,75.51217646895923,76.34281041011779,77.18258132462908,78.03158971919997,78.88993720611114,79.75772651537842,80.63506150704757,81.52204718362508,82.4187897026449,83.32539638937403,84.24197574965714,85.16863748290332,86.10549249521522,87.05265291266264,88.01023209470189,88.97834464774361,89.95710643886882,90.94663460969628,91.947047590403,92.9584651138974,93.9810082301503,95.01479932068185,96.05996211320937,97.11662169645469,98.18490453511566,99.26493848500188
Cuba,412,RESELEC,63.7891618582151,58.83047709426162,62.47436706751768,61.04780944777941,61.025278694064575,63.458369189045705,64.91344530878298,65.62749320717961,66.34939563245858,67.07923898441561,67.81711061324415,68.5630988299899,69.31729291711974,70.07978313920808,70.8506607537393,71.63001802203048,72.4179482202728,73.21454565069575,74.01990565285338,74.83412461503481,75.65729998580017,76.48953028564398,77.33091511878608,78.18155518509263,79.04155229212871,79.9110093673421,80.79003047038289,81.67872080555702,82.57718673441815,83.48553578849676,84.4038766821702,85.33231932567404
Cuba,413,RESELEC,67.49390640645562,62.24723133489264,66.10275101325148,64.59334183361621,64.56950253963274,67.14390197306163,68.68348594906851,69.43900429450828,70.20283334174788,70.97506450850706,71.75579021810063,72.54510391049978,73.34310005351526,74.14987415410393,74.96552276979901,75.79014352026684,76.62383509898977,77.46669728507861,78.31883095521444,79.18033809572185,80.05132181477474,80.93188635473727,81.82213710463941,82.72218061279034,83.63212459953111,84.55207797012592,85.48215082779733,86.422454486903,87.37310148625895,88.33420560260781,89.30588186423647,90.28824656474302
Cuba,414,RESELEC,70.17763313077289,64.72233712062373,68.73116191566425,67.16173484746696,67.13694764346083,69.81371164469164,71.41451333472233,72.20007298140429,72.99427378419973,73.7972107958259,74.60898011457996,75.4296788958404,76.25940536369461,77.09825882269526,77.94633966974486,78.80374940611209,79.67059064957931,80.54696714672463,81.43298378533856,82.32874660697733,83.23436281965405,84.14994081067026,85.07559015958765,86.01142165134301,86.95754728950786,87.9140803096924,88.88113519309906,89.85882768022304,90.84727478470548,91.84659480733728,92.85690735021798,93.87833333107032
Cuba,415,RESELEC,77.15914610526085,71.16113843364035,75.56877494504168,73.84321585941494,73.81596273886744,76.75902045464136,78.51907541768719,79.38278524728176,80.25599588500187,81.13881183973685,82.03133876997393,82.93368349644369,83.84595401490455,84.76825950906851,85.70071036366821,86.6434181776686,87.59649577762292,88.56005723117673,89.53421786071962,90.5190942571876,91.51480429401664,92.5214671412508,93.5392032798046,94.56813451588236,95.60838399555712,96.6600762195082,97.72333705792283,98.79829376555988,99.88507499698105,100.98381082194786,102.09463274098924,103.21767370114009
Cuba,416,RESELEC,71.66478916091017,66.09388827787282,70.1876653248167,68.58498003994545,68.55966756259703,71.29315570153518,72.92788047760024,73.73008716285385,74.54111812164524,75.36107042098331,76.1900421956141,77.02813265976592,77.8754421190233,78.73207198233257,79.59812477413817,80.47370414665373,81.35891489226692,82.2538629560818,83.15865544859865,84.07340065853329,84.99820806577712,85.93318835450067,86.8784534264002,87.83411641409052,88.80029169464558,89.77709490328664,90.76464294722282,91.76305401964218,92.77244761385823,93.79294453761072,94.8246669275244,95.8677382637271
Cuba,417,RESELEC,75.5815381064661,69.70616664010727,74.02368392433779,72.33340589032045,72.3067099913486,75.18959348763353,76.91366209095175,77.75971237395224,78.6150692100657,79.47983497137639,80.35411315606152,81.23800840077824,82.13162649318677,83.03507438461183,83.94846020284251,84.87189326507382,85.80548409098962,86.74934441599045,87.7035872045663,88.66832666381659,89.64367825711854,90.62975871794686,91.62668606384428,92.63457961054648,93.65355998626256,94.6837491461114,95.72527038671863,96.77824836097246,97.84280909294316,98.91907999296556,100.00718987288816,101.10726896148986
Cuba,418,RESELEC,82.14474930221004,75.75918308785809,80.45161703146863,78.61456172889193,78.58554766033262,81.71876971432447,83.59254982977927,84.51206787790686,85.44170062456384,86.381559331434,87.33175648407975,88.2924058054047,89.2636222692641,90.24552211422602,91.23822285748244,92.2418433089148,93.25650358531284,94.2823251247512,95.31943070112344,96.36794443883583,97.42799182766302,98.49969973776732,99.58319643488278,100.67861159566635,101.78607632321878,102.90572316277417,104.0376861175647,105.1821006648578,106.33910377217124,107.50883391366514,108.69143108671544,109.88703682866924
Cuba,421,RESELEC,75.03613073318294,69.20315680197369,73.4895182534428,71.81143751159162,71.78493425411,74.64701444373326,76.35864191722199,77.19858697831143,78.04777143507286,78.90629692085862,79.77426618698804,80.65178311504496,81.53895272931044,82.43588120933286,83.34267590263545,84.25944533756449,85.18629923627769,86.12334852787669,87.0707053616833,88.02848312066186,88.99679643498911,89.975761195774,90.96549456892754,91.96611500918564,92.97774227428674,94.00049743930386,95.03450291113624,96.07988244315862,97.13676115003338,98.20526552268376,99.28552344343326,100.37766420131096
Cuba,422,RESELEC,63.66112952222216,58.7123974206848,62.34897367901208,60.92527932787875,60.90279379603146,63.33100079277119,64.7831564039263,65.4957711243695,66.21622460673755,66.94460307741164,67.68099371126314,68.42548464208708,69.17816497315002,69.93912478785468,70.70845516052104,71.4862481672868,72.27259689712695,73.0675954629953,73.87133901308822,74.68392374223224,75.50544690339675,76.33600681933412,77.17570289434681,78.02463562618455,78.88290661807262,79.7506185908714,80.627875395371,81.51478202472,82.41144462699192,83.31797051788885,84.23446819358561,85.16104734371501
Cuba,423,RESELEC,68.83035315599219,63.47978867842803,67.41165149672736,65.87235450796608,65.84804317215468,68.4734182852856,70.04348756152065,70.81396592469738,71.59291954986905,72.38044166491758,73.17662652323166,73.98156941498726,74.79536667855209,75.61811571201616,76.4499149848483,77.29086404968167,78.14106355422815,79.00061525332461,79.86962202111114,80.74818786334342,81.63641792984016,82.53441852706841,83.44229713086618,84.36016239930562,85.28812418569804,86.22629355174068,87.17478278080986,88.13370539139868,89.10317615070406,90.08331108836182,91.07422751033378,92.0760440129474
Cuba,424,RESELEC,68.27617451168136,62.968689408732,66.86889534447366,65.34199180539424,65.31787620914399,67.92211345570456,69.47954152318384,70.24381647993887,71.01649846121819,71.79767994429157,72.58745442367875,73.38591642233928,74.19316150298498,75.00928627951781,75.83438842859246,76.66856670130701,77.5119209350214,78.36455206530657,79.2265621380249,80.09805432154323,80.97913291908017,81.86990338119007,82.77047231838317,83.68094751388529,84.60143793653809,85.53205375383997,86.47290634513224,87.42410831492862,88.38577350639282,89.35801701496317,90.34095520212772,91.3347057093511
Cuba,425,RESELEC,75.32687447092077,69.47129941907383,73.7742693062061,72.08968647712915,72.0630805270371,74.93625046614378,76.6545100109346,77.4977096210549,78.35018442688649,79.21203645558221,80.0833688565936,80.96428591401619,81.85489305907033,82.7552968827201,83.66560514842998,84.58592680506274,85.51637199991842,86.45705209191746,87.40807966492852,88.3695685412428,89.34163379519643,90.3243917669436,91.31796007638,92.32245763722008,93.33800467122956,94.36472272261304,95.40273467256182,96.4521647539599,97.51313856625346,98.58578309048228,99.67022670447754,100.76659919822676
Cuba,426,RESELEC,71.42418231788538,65.87198513704216,69.95201776663906,68.3547133257118,68.32948583229113,71.05379657798977,72.68303294095561,73.48254630330614,74.2908543126425,75.10805371008153,75.93424230089241,76.76951896620228,77.61398367483048,78.46773749525362,79.33088260770135,80.2035223163861,81.08576106186635,81.97770443354682,82.8794591823158,83.79113323332133,84.71283569888782,85.6446768915756,86.58676833738295,87.53922278909405,88.50215423977417,89.47567793641164,90.4599103937122,91.45496940804291,92.4609740715314,93.47804478631828,94.50630327896776,95.54587261503636
Cuba,427,RESELEC,75.94536514862344,70.04171139169823,74.38001191985761,72.68159739017021,72.6547729850816,75.55153382498264,77.28390158172029,78.13402449911922,78.99349876860953,79.8624272550642,80.74091395486988,81.62906400837352,82.5269837124656,83.43478053330273,84.352563119169,85.2804413134799,86.21852616792816,87.1669299557753,88.1257661852888,89.09514961332704,90.0751962590736,91.06602341792342,92.0677496755206,93.0804949219512,94.10438036609276,95.13952855011972,96.18606336417108,97.24411006117684,98.3137952718498,99.39524701984018,100.4885947370584,101.59396927916598
Cuba,428,RESELEC,83.34318576909043,76.86445845219734,81.62535184092422,79.7614951409973,79.73205777675433,82.91099142643834,84.81210872948398,85.74504192550832,86.68823738668891,87.64180799794245,88.60586788591979,89.58053243266497,90.56591828942426,91.56214339060791,92.56932696790456,93.58758956455156,94.6170530497616,95.65784063330892,96.71007688027528,97.77388772595836,98.84940049094386,99.93674389634424,101.03604807920406,102.1474446080752,103.2710664987641,104.40704823025044,105.55552576078324,106.71663654415175,107.89051954613744,109.07731526114496,110.27716572901753,111.49021455203666
