TIMESLICE,YEAR,value
111,2019,0.035958904109589
111,2020,0.035958904109589
111,2021,0.035958904109589
111,2022,0.035958904109589
111,2023,0.035958904109589
111,2024,0.035958904109589
111,2025,0.035958904109589
111,2026,0.035958904109589
111,2027,0.035958904109589
111,2028,0.035958904109589
111,2029,0.035958904109589
111,2030,0.035958904109589
111,2031,0.035958904109589
111,2032,0.035958904109589
111,2033,0.035958904109589
111,2034,0.035958904109589
111,2035,0.035958904109589
111,2036,0.035958904109589
111,2037,0.035958904109589
111,2038,0.035958904109589
111,2039,0.035958904109589
111,2040,0.035958904109589
111,2041,0.035958904109589
111,2042,0.035958904109589
111,2043,0.035958904109589
111,2044,0.035958904109589
111,2045,0.035958904109589
111,2046,0.035958904109589
111,2047,0.035958904109589
111,2048,0.035958904109589
111,2049,0.035958904109589
111,2050,0.035958904109589
112,2019,0.035958904109589
112,2020,0.035958904109589
112,2021,0.035958904109589
112,2022,0.035958904109589
112,2023,0.035958904109589
112,2024,0.035958904109589
112,2025,0.035958904109589
112,2026,0.035958904109589
112,2027,0.035958904109589
112,2028,0.035958904109589
112,2029,0.035958904109589
112,2030,0.035958904109589
112,2031,0.035958904109589
112,2032,0.035958904109589
112,2033,0.035958904109589
112,2034,0.035958904109589
112,2035,0.035958904109589
112,2036,0.035958904109589
112,2037,0.035958904109589
112,2038,0.035958904109589
112,2039,0.035958904109589
112,2040,0.035958904109589
112,2041,0.035958904109589
112,2042,0.035958904109589
112,2043,0.035958904109589
112,2044,0.035958904109589
112,2045,0.035958904109589
112,2046,0.035958904109589
112,2047,0.035958904109589
112,2048,0.035958904109589
112,2049,0.035958904109589
112,2050,0.035958904109589
113,2019,0.0143835616438356
113,2020,0.0143835616438356
113,2021,0.0143835616438356
113,2022,0.0143835616438356
113,2023,0.0143835616438356
113,2024,0.0143835616438356
113,2025,0.0143835616438356
113,2026,0.0143835616438356
113,2027,0.0143835616438356
113,2028,0.0143835616438356
113,2029,0.0143835616438356
113,2030,0.0143835616438356
113,2031,0.0143835616438356
113,2032,0.0143835616438356
113,2033,0.0143835616438356
113,2034,0.0143835616438356
113,2035,0.0143835616438356
113,2036,0.0143835616438356
113,2037,0.0143835616438356
113,2038,0.0143835616438356
113,2039,0.0143835616438356
113,2040,0.0143835616438356
113,2041,0.0143835616438356
113,2042,0.0143835616438356
113,2043,0.0143835616438356
113,2044,0.0143835616438356
113,2045,0.0143835616438356
113,2046,0.0143835616438356
113,2047,0.0143835616438356
113,2048,0.0143835616438356
113,2049,0.0143835616438356
113,2050,0.0143835616438356
114,2019,0.0215753424657534
114,2020,0.0215753424657534
114,2021,0.0215753424657534
114,2022,0.0215753424657534
114,2023,0.0215753424657534
114,2024,0.0215753424657534
114,2025,0.0215753424657534
114,2026,0.0215753424657534
114,2027,0.0215753424657534
114,2028,0.0215753424657534
114,2029,0.0215753424657534
114,2030,0.0215753424657534
114,2031,0.0215753424657534
114,2032,0.0215753424657534
114,2033,0.0215753424657534
114,2034,0.0215753424657534
114,2035,0.0215753424657534
114,2036,0.0215753424657534
114,2037,0.0215753424657534
114,2038,0.0215753424657534
114,2039,0.0215753424657534
114,2040,0.0215753424657534
114,2041,0.0215753424657534
114,2042,0.0215753424657534
114,2043,0.0215753424657534
114,2044,0.0215753424657534
114,2045,0.0215753424657534
114,2046,0.0215753424657534
114,2047,0.0215753424657534
114,2048,0.0215753424657534
114,2049,0.0215753424657534
114,2050,0.0215753424657534
115,2019,0.0143835616438356
115,2020,0.0143835616438356
115,2021,0.0143835616438356
115,2022,0.0143835616438356
115,2023,0.0143835616438356
115,2024,0.0143835616438356
115,2025,0.0143835616438356
115,2026,0.0143835616438356
115,2027,0.0143835616438356
115,2028,0.0143835616438356
115,2029,0.0143835616438356
115,2030,0.0143835616438356
115,2031,0.0143835616438356
115,2032,0.0143835616438356
115,2033,0.0143835616438356
115,2034,0.0143835616438356
115,2035,0.0143835616438356
115,2036,0.0143835616438356
115,2037,0.0143835616438356
115,2038,0.0143835616438356
115,2039,0.0143835616438356
115,2040,0.0143835616438356
115,2041,0.0143835616438356
115,2042,0.0143835616438356
115,2043,0.0143835616438356
115,2044,0.0143835616438356
115,2045,0.0143835616438356
115,2046,0.0143835616438356
115,2047,0.0143835616438356
115,2048,0.0143835616438356
115,2049,0.0143835616438356
115,2050,0.0143835616438356
116,2019,0.0215753424657534
116,2020,0.0215753424657534
116,2021,0.0215753424657534
116,2022,0.0215753424657534
116,2023,0.0215753424657534
116,2024,0.0215753424657534
116,2025,0.0215753424657534
116,2026,0.0215753424657534
116,2027,0.0215753424657534
116,2028,0.0215753424657534
116,2029,0.0215753424657534
116,2030,0.0215753424657534
116,2031,0.0215753424657534
116,2032,0.0215753424657534
116,2033,0.0215753424657534
116,2034,0.0215753424657534
116,2035,0.0215753424657534
116,2036,0.0215753424657534
116,2037,0.0215753424657534
116,2038,0.0215753424657534
116,2039,0.0215753424657534
116,2040,0.0215753424657534
116,2041,0.0215753424657534
116,2042,0.0215753424657534
116,2043,0.0215753424657534
116,2044,0.0215753424657534
116,2045,0.0215753424657534
116,2046,0.0215753424657534
116,2047,0.0215753424657534
116,2048,0.0215753424657534
116,2049,0.0215753424657534
116,2050,0.0215753424657534
117,2019,0.0143835616438356
117,2020,0.0143835616438356
117,2021,0.0143835616438356
117,2022,0.0143835616438356
117,2023,0.0143835616438356
117,2024,0.0143835616438356
117,2025,0.0143835616438356
117,2026,0.0143835616438356
117,2027,0.0143835616438356
117,2028,0.0143835616438356
117,2029,0.0143835616438356
117,2030,0.0143835616438356
117,2031,0.0143835616438356
117,2032,0.0143835616438356
117,2033,0.0143835616438356
117,2034,0.0143835616438356
117,2035,0.0143835616438356
117,2036,0.0143835616438356
117,2037,0.0143835616438356
117,2038,0.0143835616438356
117,2039,0.0143835616438356
117,2040,0.0143835616438356
117,2041,0.0143835616438356
117,2042,0.0143835616438356
117,2043,0.0143835616438356
117,2044,0.0143835616438356
117,2045,0.0143835616438356
117,2046,0.0143835616438356
117,2047,0.0143835616438356
117,2048,0.0143835616438356
117,2049,0.0143835616438356
117,2050,0.0143835616438356
118,2019,0.0143835616438356
118,2020,0.0143835616438356
118,2021,0.0143835616438356
118,2022,0.0143835616438356
118,2023,0.0143835616438356
118,2024,0.0143835616438356
118,2025,0.0143835616438356
118,2026,0.0143835616438356
118,2027,0.0143835616438356
118,2028,0.0143835616438356
118,2029,0.0143835616438356
118,2030,0.0143835616438356
118,2031,0.0143835616438356
118,2032,0.0143835616438356
118,2033,0.0143835616438356
118,2034,0.0143835616438356
118,2035,0.0143835616438356
118,2036,0.0143835616438356
118,2037,0.0143835616438356
118,2038,0.0143835616438356
118,2039,0.0143835616438356
118,2040,0.0143835616438356
118,2041,0.0143835616438356
118,2042,0.0143835616438356
118,2043,0.0143835616438356
118,2044,0.0143835616438356
118,2045,0.0143835616438356
118,2046,0.0143835616438356
118,2047,0.0143835616438356
118,2048,0.0143835616438356
118,2049,0.0143835616438356
118,2050,0.0143835616438356
121,2019,0.0154109589041096
121,2020,0.0154109589041096
121,2021,0.0154109589041096
121,2022,0.0154109589041096
121,2023,0.0154109589041096
121,2024,0.0154109589041096
121,2025,0.0154109589041096
121,2026,0.0154109589041096
121,2027,0.0154109589041096
121,2028,0.0154109589041096
121,2029,0.0154109589041096
121,2030,0.0154109589041096
121,2031,0.0154109589041096
121,2032,0.0154109589041096
121,2033,0.0154109589041096
121,2034,0.0154109589041096
121,2035,0.0154109589041096
121,2036,0.0154109589041096
121,2037,0.0154109589041096
121,2038,0.0154109589041096
121,2039,0.0154109589041096
121,2040,0.0154109589041096
121,2041,0.0154109589041096
121,2042,0.0154109589041096
121,2043,0.0154109589041096
121,2044,0.0154109589041096
121,2045,0.0154109589041096
121,2046,0.0154109589041096
121,2047,0.0154109589041096
121,2048,0.0154109589041096
121,2049,0.0154109589041096
121,2050,0.0154109589041096
122,2019,0.0154109589041096
122,2020,0.0154109589041096
122,2021,0.0154109589041096
122,2022,0.0154109589041096
122,2023,0.0154109589041096
122,2024,0.0154109589041096
122,2025,0.0154109589041096
122,2026,0.0154109589041096
122,2027,0.0154109589041096
122,2028,0.0154109589041096
122,2029,0.0154109589041096
122,2030,0.0154109589041096
122,2031,0.0154109589041096
122,2032,0.0154109589041096
122,2033,0.0154109589041096
122,2034,0.0154109589041096
122,2035,0.0154109589041096
122,2036,0.0154109589041096
122,2037,0.0154109589041096
122,2038,0.0154109589041096
122,2039,0.0154109589041096
122,2040,0.0154109589041096
122,2041,0.0154109589041096
122,2042,0.0154109589041096
122,2043,0.0154109589041096
122,2044,0.0154109589041096
122,2045,0.0154109589041096
122,2046,0.0154109589041096
122,2047,0.0154109589041096
122,2048,0.0154109589041096
122,2049,0.0154109589041096
122,2050,0.0154109589041096
123,2019,0.00616438356164384
123,2020,0.00616438356164384
123,2021,0.00616438356164384
123,2022,0.00616438356164384
123,2023,0.00616438356164384
123,2024,0.00616438356164384
123,2025,0.00616438356164384
123,2026,0.00616438356164384
123,2027,0.00616438356164384
123,2028,0.00616438356164384
123,2029,0.00616438356164384
123,2030,0.00616438356164384
123,2031,0.00616438356164384
123,2032,0.00616438356164384
123,2033,0.00616438356164384
123,2034,0.00616438356164384
123,2035,0.00616438356164384
123,2036,0.00616438356164384
123,2037,0.00616438356164384
123,2038,0.00616438356164384
123,2039,0.00616438356164384
123,2040,0.00616438356164384
123,2041,0.00616438356164384
123,2042,0.00616438356164384
123,2043,0.00616438356164384
123,2044,0.00616438356164384
123,2045,0.00616438356164384
123,2046,0.00616438356164384
123,2047,0.00616438356164384
123,2048,0.00616438356164384
123,2049,0.00616438356164384
123,2050,0.00616438356164384
124,2019,0.00924657534246575
124,2020,0.00924657534246575
124,2021,0.00924657534246575
124,2022,0.00924657534246575
124,2023,0.00924657534246575
124,2024,0.00924657534246575
124,2025,0.00924657534246575
124,2026,0.00924657534246575
124,2027,0.00924657534246575
124,2028,0.00924657534246575
124,2029,0.00924657534246575
124,2030,0.00924657534246575
124,2031,0.00924657534246575
124,2032,0.00924657534246575
124,2033,0.00924657534246575
124,2034,0.00924657534246575
124,2035,0.00924657534246575
124,2036,0.00924657534246575
124,2037,0.00924657534246575
124,2038,0.00924657534246575
124,2039,0.00924657534246575
124,2040,0.00924657534246575
124,2041,0.00924657534246575
124,2042,0.00924657534246575
124,2043,0.00924657534246575
124,2044,0.00924657534246575
124,2045,0.00924657534246575
124,2046,0.00924657534246575
124,2047,0.00924657534246575
124,2048,0.00924657534246575
124,2049,0.00924657534246575
124,2050,0.00924657534246575
125,2019,0.00616438356164384
125,2020,0.00616438356164384
125,2021,0.00616438356164384
125,2022,0.00616438356164384
125,2023,0.00616438356164384
125,2024,0.00616438356164384
125,2025,0.00616438356164384
125,2026,0.00616438356164384
125,2027,0.00616438356164384
125,2028,0.00616438356164384
125,2029,0.00616438356164384
125,2030,0.00616438356164384
125,2031,0.00616438356164384
125,2032,0.00616438356164384
125,2033,0.00616438356164384
125,2034,0.00616438356164384
125,2035,0.00616438356164384
125,2036,0.00616438356164384
125,2037,0.00616438356164384
125,2038,0.00616438356164384
125,2039,0.00616438356164384
125,2040,0.00616438356164384
125,2041,0.00616438356164384
125,2042,0.00616438356164384
125,2043,0.00616438356164384
125,2044,0.00616438356164384
125,2045,0.00616438356164384
125,2046,0.00616438356164384
125,2047,0.00616438356164384
125,2048,0.00616438356164384
125,2049,0.00616438356164384
125,2050,0.00616438356164384
126,2019,0.00924657534246575
126,2020,0.00924657534246575
126,2021,0.00924657534246575
126,2022,0.00924657534246575
126,2023,0.00924657534246575
126,2024,0.00924657534246575
126,2025,0.00924657534246575
126,2026,0.00924657534246575
126,2027,0.00924657534246575
126,2028,0.00924657534246575
126,2029,0.00924657534246575
126,2030,0.00924657534246575
126,2031,0.00924657534246575
126,2032,0.00924657534246575
126,2033,0.00924657534246575
126,2034,0.00924657534246575
126,2035,0.00924657534246575
126,2036,0.00924657534246575
126,2037,0.00924657534246575
126,2038,0.00924657534246575
126,2039,0.00924657534246575
126,2040,0.00924657534246575
126,2041,0.00924657534246575
126,2042,0.00924657534246575
126,2043,0.00924657534246575
126,2044,0.00924657534246575
126,2045,0.00924657534246575
126,2046,0.00924657534246575
126,2047,0.00924657534246575
126,2048,0.00924657534246575
126,2049,0.00924657534246575
126,2050,0.00924657534246575
127,2019,0.00616438356164384
127,2020,0.00616438356164384
127,2021,0.00616438356164384
127,2022,0.00616438356164384
127,2023,0.00616438356164384
127,2024,0.00616438356164384
127,2025,0.00616438356164384
127,2026,0.00616438356164384
127,2027,0.00616438356164384
127,2028,0.00616438356164384
127,2029,0.00616438356164384
127,2030,0.00616438356164384
127,2031,0.00616438356164384
127,2032,0.00616438356164384
127,2033,0.00616438356164384
127,2034,0.00616438356164384
127,2035,0.00616438356164384
127,2036,0.00616438356164384
127,2037,0.00616438356164384
127,2038,0.00616438356164384
127,2039,0.00616438356164384
127,2040,0.00616438356164384
127,2041,0.00616438356164384
127,2042,0.00616438356164384
127,2043,0.00616438356164384
127,2044,0.00616438356164384
127,2045,0.00616438356164384
127,2046,0.00616438356164384
127,2047,0.00616438356164384
127,2048,0.00616438356164384
127,2049,0.00616438356164384
127,2050,0.00616438356164384
128,2019,0.00616438356164384
128,2020,0.00616438356164384
128,2021,0.00616438356164384
128,2022,0.00616438356164384
128,2023,0.00616438356164384
128,2024,0.00616438356164384
128,2025,0.00616438356164384
128,2026,0.00616438356164384
128,2027,0.00616438356164384
128,2028,0.00616438356164384
128,2029,0.00616438356164384
128,2030,0.00616438356164384
128,2031,0.00616438356164384
128,2032,0.00616438356164384
128,2033,0.00616438356164384
128,2034,0.00616438356164384
128,2035,0.00616438356164384
128,2036,0.00616438356164384
128,2037,0.00616438356164384
128,2038,0.00616438356164384
128,2039,0.00616438356164384
128,2040,0.00616438356164384
128,2041,0.00616438356164384
128,2042,0.00616438356164384
128,2043,0.00616438356164384
128,2044,0.00616438356164384
128,2045,0.00616438356164384
128,2046,0.00616438356164384
128,2047,0.00616438356164384
128,2048,0.00616438356164384
128,2049,0.00616438356164384
128,2050,0.00616438356164384
211,2019,0.0376712328767123
211,2020,0.0376712328767123
211,2021,0.0376712328767123
211,2022,0.0376712328767123
211,2023,0.0376712328767123
211,2024,0.0376712328767123
211,2025,0.0376712328767123
211,2026,0.0376712328767123
211,2027,0.0376712328767123
211,2028,0.0376712328767123
211,2029,0.0376712328767123
211,2030,0.0376712328767123
211,2031,0.0376712328767123
211,2032,0.0376712328767123
211,2033,0.0376712328767123
211,2034,0.0376712328767123
211,2035,0.0376712328767123
211,2036,0.0376712328767123
211,2037,0.0376712328767123
211,2038,0.0376712328767123
211,2039,0.0376712328767123
211,2040,0.0376712328767123
211,2041,0.0376712328767123
211,2042,0.0376712328767123
211,2043,0.0376712328767123
211,2044,0.0376712328767123
211,2045,0.0376712328767123
211,2046,0.0376712328767123
211,2047,0.0376712328767123
211,2048,0.0376712328767123
211,2049,0.0376712328767123
211,2050,0.0376712328767123
212,2019,0.0376712328767123
212,2020,0.0376712328767123
212,2021,0.0376712328767123
212,2022,0.0376712328767123
212,2023,0.0376712328767123
212,2024,0.0376712328767123
212,2025,0.0376712328767123
212,2026,0.0376712328767123
212,2027,0.0376712328767123
212,2028,0.0376712328767123
212,2029,0.0376712328767123
212,2030,0.0376712328767123
212,2031,0.0376712328767123
212,2032,0.0376712328767123
212,2033,0.0376712328767123
212,2034,0.0376712328767123
212,2035,0.0376712328767123
212,2036,0.0376712328767123
212,2037,0.0376712328767123
212,2038,0.0376712328767123
212,2039,0.0376712328767123
212,2040,0.0376712328767123
212,2041,0.0376712328767123
212,2042,0.0376712328767123
212,2043,0.0376712328767123
212,2044,0.0376712328767123
212,2045,0.0376712328767123
212,2046,0.0376712328767123
212,2047,0.0376712328767123
212,2048,0.0376712328767123
212,2049,0.0376712328767123
212,2050,0.0376712328767123
213,2019,0.0150684931506849
213,2020,0.0150684931506849
213,2021,0.0150684931506849
213,2022,0.0150684931506849
213,2023,0.0150684931506849
213,2024,0.0150684931506849
213,2025,0.0150684931506849
213,2026,0.0150684931506849
213,2027,0.0150684931506849
213,2028,0.0150684931506849
213,2029,0.0150684931506849
213,2030,0.0150684931506849
213,2031,0.0150684931506849
213,2032,0.0150684931506849
213,2033,0.0150684931506849
213,2034,0.0150684931506849
213,2035,0.0150684931506849
213,2036,0.0150684931506849
213,2037,0.0150684931506849
213,2038,0.0150684931506849
213,2039,0.0150684931506849
213,2040,0.0150684931506849
213,2041,0.0150684931506849
213,2042,0.0150684931506849
213,2043,0.0150684931506849
213,2044,0.0150684931506849
213,2045,0.0150684931506849
213,2046,0.0150684931506849
213,2047,0.0150684931506849
213,2048,0.0150684931506849
213,2049,0.0150684931506849
213,2050,0.0150684931506849
214,2019,0.0226027397260274
214,2020,0.0226027397260274
214,2021,0.0226027397260274
214,2022,0.0226027397260274
214,2023,0.0226027397260274
214,2024,0.0226027397260274
214,2025,0.0226027397260274
214,2026,0.0226027397260274
214,2027,0.0226027397260274
214,2028,0.0226027397260274
214,2029,0.0226027397260274
214,2030,0.0226027397260274
214,2031,0.0226027397260274
214,2032,0.0226027397260274
214,2033,0.0226027397260274
214,2034,0.0226027397260274
214,2035,0.0226027397260274
214,2036,0.0226027397260274
214,2037,0.0226027397260274
214,2038,0.0226027397260274
214,2039,0.0226027397260274
214,2040,0.0226027397260274
214,2041,0.0226027397260274
214,2042,0.0226027397260274
214,2043,0.0226027397260274
214,2044,0.0226027397260274
214,2045,0.0226027397260274
214,2046,0.0226027397260274
214,2047,0.0226027397260274
214,2048,0.0226027397260274
214,2049,0.0226027397260274
214,2050,0.0226027397260274
215,2019,0.0150684931506849
215,2020,0.0150684931506849
215,2021,0.0150684931506849
215,2022,0.0150684931506849
215,2023,0.0150684931506849
215,2024,0.0150684931506849
215,2025,0.0150684931506849
215,2026,0.0150684931506849
215,2027,0.0150684931506849
215,2028,0.0150684931506849
215,2029,0.0150684931506849
215,2030,0.0150684931506849
215,2031,0.0150684931506849
215,2032,0.0150684931506849
215,2033,0.0150684931506849
215,2034,0.0150684931506849
215,2035,0.0150684931506849
215,2036,0.0150684931506849
215,2037,0.0150684931506849
215,2038,0.0150684931506849
215,2039,0.0150684931506849
215,2040,0.0150684931506849
215,2041,0.0150684931506849
215,2042,0.0150684931506849
215,2043,0.0150684931506849
215,2044,0.0150684931506849
215,2045,0.0150684931506849
215,2046,0.0150684931506849
215,2047,0.0150684931506849
215,2048,0.0150684931506849
215,2049,0.0150684931506849
215,2050,0.0150684931506849
216,2019,0.0226027397260274
216,2020,0.0226027397260274
216,2021,0.0226027397260274
216,2022,0.0226027397260274
216,2023,0.0226027397260274
216,2024,0.0226027397260274
216,2025,0.0226027397260274
216,2026,0.0226027397260274
216,2027,0.0226027397260274
216,2028,0.0226027397260274
216,2029,0.0226027397260274
216,2030,0.0226027397260274
216,2031,0.0226027397260274
216,2032,0.0226027397260274
216,2033,0.0226027397260274
216,2034,0.0226027397260274
216,2035,0.0226027397260274
216,2036,0.0226027397260274
216,2037,0.0226027397260274
216,2038,0.0226027397260274
216,2039,0.0226027397260274
216,2040,0.0226027397260274
216,2041,0.0226027397260274
216,2042,0.0226027397260274
216,2043,0.0226027397260274
216,2044,0.0226027397260274
216,2045,0.0226027397260274
216,2046,0.0226027397260274
216,2047,0.0226027397260274
216,2048,0.0226027397260274
216,2049,0.0226027397260274
216,2050,0.0226027397260274
217,2019,0.0150684931506849
217,2020,0.0150684931506849
217,2021,0.0150684931506849
217,2022,0.0150684931506849
217,2023,0.0150684931506849
217,2024,0.0150684931506849
217,2025,0.0150684931506849
217,2026,0.0150684931506849
217,2027,0.0150684931506849
217,2028,0.0150684931506849
217,2029,0.0150684931506849
217,2030,0.0150684931506849
217,2031,0.0150684931506849
217,2032,0.0150684931506849
217,2033,0.0150684931506849
217,2034,0.0150684931506849
217,2035,0.0150684931506849
217,2036,0.0150684931506849
217,2037,0.0150684931506849
217,2038,0.0150684931506849
217,2039,0.0150684931506849
217,2040,0.0150684931506849
217,2041,0.0150684931506849
217,2042,0.0150684931506849
217,2043,0.0150684931506849
217,2044,0.0150684931506849
217,2045,0.0150684931506849
217,2046,0.0150684931506849
217,2047,0.0150684931506849
217,2048,0.0150684931506849
217,2049,0.0150684931506849
217,2050,0.0150684931506849
218,2019,0.0150684931506849
218,2020,0.0150684931506849
218,2021,0.0150684931506849
218,2022,0.0150684931506849
218,2023,0.0150684931506849
218,2024,0.0150684931506849
218,2025,0.0150684931506849
218,2026,0.0150684931506849
218,2027,0.0150684931506849
218,2028,0.0150684931506849
218,2029,0.0150684931506849
218,2030,0.0150684931506849
218,2031,0.0150684931506849
218,2032,0.0150684931506849
218,2033,0.0150684931506849
218,2034,0.0150684931506849
218,2035,0.0150684931506849
218,2036,0.0150684931506849
218,2037,0.0150684931506849
218,2038,0.0150684931506849
218,2039,0.0150684931506849
218,2040,0.0150684931506849
218,2041,0.0150684931506849
218,2042,0.0150684931506849
218,2043,0.0150684931506849
218,2044,0.0150684931506849
218,2045,0.0150684931506849
218,2046,0.0150684931506849
218,2047,0.0150684931506849
218,2048,0.0150684931506849
218,2049,0.0150684931506849
218,2050,0.0150684931506849
221,2019,0.0148401826484018
221,2020,0.0148401826484018
221,2021,0.0148401826484018
221,2022,0.0148401826484018
221,2023,0.0148401826484018
221,2024,0.0148401826484018
221,2025,0.0148401826484018
221,2026,0.0148401826484018
221,2027,0.0148401826484018
221,2028,0.0148401826484018
221,2029,0.0148401826484018
221,2030,0.0148401826484018
221,2031,0.0148401826484018
221,2032,0.0148401826484018
221,2033,0.0148401826484018
221,2034,0.0148401826484018
221,2035,0.0148401826484018
221,2036,0.0148401826484018
221,2037,0.0148401826484018
221,2038,0.0148401826484018
221,2039,0.0148401826484018
221,2040,0.0148401826484018
221,2041,0.0148401826484018
221,2042,0.0148401826484018
221,2043,0.0148401826484018
221,2044,0.0148401826484018
221,2045,0.0148401826484018
221,2046,0.0148401826484018
221,2047,0.0148401826484018
221,2048,0.0148401826484018
221,2049,0.0148401826484018
221,2050,0.0148401826484018
222,2019,0.0148401826484018
222,2020,0.0148401826484018
222,2021,0.0148401826484018
222,2022,0.0148401826484018
222,2023,0.0148401826484018
222,2024,0.0148401826484018
222,2025,0.0148401826484018
222,2026,0.0148401826484018
222,2027,0.0148401826484018
222,2028,0.0148401826484018
222,2029,0.0148401826484018
222,2030,0.0148401826484018
222,2031,0.0148401826484018
222,2032,0.0148401826484018
222,2033,0.0148401826484018
222,2034,0.0148401826484018
222,2035,0.0148401826484018
222,2036,0.0148401826484018
222,2037,0.0148401826484018
222,2038,0.0148401826484018
222,2039,0.0148401826484018
222,2040,0.0148401826484018
222,2041,0.0148401826484018
222,2042,0.0148401826484018
222,2043,0.0148401826484018
222,2044,0.0148401826484018
222,2045,0.0148401826484018
222,2046,0.0148401826484018
222,2047,0.0148401826484018
222,2048,0.0148401826484018
222,2049,0.0148401826484018
222,2050,0.0148401826484018
223,2019,0.00593607305936073
223,2020,0.00593607305936073
223,2021,0.00593607305936073
223,2022,0.00593607305936073
223,2023,0.00593607305936073
223,2024,0.00593607305936073
223,2025,0.00593607305936073
223,2026,0.00593607305936073
223,2027,0.00593607305936073
223,2028,0.00593607305936073
223,2029,0.00593607305936073
223,2030,0.00593607305936073
223,2031,0.00593607305936073
223,2032,0.00593607305936073
223,2033,0.00593607305936073
223,2034,0.00593607305936073
223,2035,0.00593607305936073
223,2036,0.00593607305936073
223,2037,0.00593607305936073
223,2038,0.00593607305936073
223,2039,0.00593607305936073
223,2040,0.00593607305936073
223,2041,0.00593607305936073
223,2042,0.00593607305936073
223,2043,0.00593607305936073
223,2044,0.00593607305936073
223,2045,0.00593607305936073
223,2046,0.00593607305936073
223,2047,0.00593607305936073
223,2048,0.00593607305936073
223,2049,0.00593607305936073
223,2050,0.00593607305936073
224,2019,0.0089041095890411
224,2020,0.0089041095890411
224,2021,0.0089041095890411
224,2022,0.0089041095890411
224,2023,0.0089041095890411
224,2024,0.0089041095890411
224,2025,0.0089041095890411
224,2026,0.0089041095890411
224,2027,0.0089041095890411
224,2028,0.0089041095890411
224,2029,0.0089041095890411
224,2030,0.0089041095890411
224,2031,0.0089041095890411
224,2032,0.0089041095890411
224,2033,0.0089041095890411
224,2034,0.0089041095890411
224,2035,0.0089041095890411
224,2036,0.0089041095890411
224,2037,0.0089041095890411
224,2038,0.0089041095890411
224,2039,0.0089041095890411
224,2040,0.0089041095890411
224,2041,0.0089041095890411
224,2042,0.0089041095890411
224,2043,0.0089041095890411
224,2044,0.0089041095890411
224,2045,0.0089041095890411
224,2046,0.0089041095890411
224,2047,0.0089041095890411
224,2048,0.0089041095890411
224,2049,0.0089041095890411
224,2050,0.0089041095890411
225,2019,0.00593607305936073
225,2020,0.00593607305936073
225,2021,0.00593607305936073
225,2022,0.00593607305936073
225,2023,0.00593607305936073
225,2024,0.00593607305936073
225,2025,0.00593607305936073
225,2026,0.00593607305936073
225,2027,0.00593607305936073
225,2028,0.00593607305936073
225,2029,0.00593607305936073
225,2030,0.00593607305936073
225,2031,0.00593607305936073
225,2032,0.00593607305936073
225,2033,0.00593607305936073
225,2034,0.00593607305936073
225,2035,0.00593607305936073
225,2036,0.00593607305936073
225,2037,0.00593607305936073
225,2038,0.00593607305936073
225,2039,0.00593607305936073
225,2040,0.00593607305936073
225,2041,0.00593607305936073
225,2042,0.00593607305936073
225,2043,0.00593607305936073
225,2044,0.00593607305936073
225,2045,0.00593607305936073
225,2046,0.00593607305936073
225,2047,0.00593607305936073
225,2048,0.00593607305936073
225,2049,0.00593607305936073
225,2050,0.00593607305936073
226,2019,0.0089041095890411
226,2020,0.0089041095890411
226,2021,0.0089041095890411
226,2022,0.0089041095890411
226,2023,0.0089041095890411
226,2024,0.0089041095890411
226,2025,0.0089041095890411
226,2026,0.0089041095890411
226,2027,0.0089041095890411
226,2028,0.0089041095890411
226,2029,0.0089041095890411
226,2030,0.0089041095890411
226,2031,0.0089041095890411
226,2032,0.0089041095890411
226,2033,0.0089041095890411
226,2034,0.0089041095890411
226,2035,0.0089041095890411
226,2036,0.0089041095890411
226,2037,0.0089041095890411
226,2038,0.0089041095890411
226,2039,0.0089041095890411
226,2040,0.0089041095890411
226,2041,0.0089041095890411
226,2042,0.0089041095890411
226,2043,0.0089041095890411
226,2044,0.0089041095890411
226,2045,0.0089041095890411
226,2046,0.0089041095890411
226,2047,0.0089041095890411
226,2048,0.0089041095890411
226,2049,0.0089041095890411
226,2050,0.0089041095890411
227,2019,0.00593607305936073
227,2020,0.00593607305936073
227,2021,0.00593607305936073
227,2022,0.00593607305936073
227,2023,0.00593607305936073
227,2024,0.00593607305936073
227,2025,0.00593607305936073
227,2026,0.00593607305936073
227,2027,0.00593607305936073
227,2028,0.00593607305936073
227,2029,0.00593607305936073
227,2030,0.00593607305936073
227,2031,0.00593607305936073
227,2032,0.00593607305936073
227,2033,0.00593607305936073
227,2034,0.00593607305936073
227,2035,0.00593607305936073
227,2036,0.00593607305936073
227,2037,0.00593607305936073
227,2038,0.00593607305936073
227,2039,0.00593607305936073
227,2040,0.00593607305936073
227,2041,0.00593607305936073
227,2042,0.00593607305936073
227,2043,0.00593607305936073
227,2044,0.00593607305936073
227,2045,0.00593607305936073
227,2046,0.00593607305936073
227,2047,0.00593607305936073
227,2048,0.00593607305936073
227,2049,0.00593607305936073
227,2050,0.00593607305936073
228,2019,0.00593607305936073
228,2020,0.00593607305936073
228,2021,0.00593607305936073
228,2022,0.00593607305936073
228,2023,0.00593607305936073
228,2024,0.00593607305936073
228,2025,0.00593607305936073
228,2026,0.00593607305936073
228,2027,0.00593607305936073
228,2028,0.00593607305936073
228,2029,0.00593607305936073
228,2030,0.00593607305936073
228,2031,0.00593607305936073
228,2032,0.00593607305936073
228,2033,0.00593607305936073
228,2034,0.00593607305936073
228,2035,0.00593607305936073
228,2036,0.00593607305936073
228,2037,0.00593607305936073
228,2038,0.00593607305936073
228,2039,0.00593607305936073
228,2040,0.00593607305936073
228,2041,0.00593607305936073
228,2042,0.00593607305936073
228,2043,0.00593607305936073
228,2044,0.00593607305936073
228,2045,0.00593607305936073
228,2046,0.00593607305936073
228,2047,0.00593607305936073
228,2048,0.00593607305936073
228,2049,0.00593607305936073
228,2050,0.00593607305936073
311,2019,0.0376712328767123
311,2020,0.0376712328767123
311,2021,0.0376712328767123
311,2022,0.0376712328767123
311,2023,0.0376712328767123
311,2024,0.0376712328767123
311,2025,0.0376712328767123
311,2026,0.0376712328767123
311,2027,0.0376712328767123
311,2028,0.0376712328767123
311,2029,0.0376712328767123
311,2030,0.0376712328767123
311,2031,0.0376712328767123
311,2032,0.0376712328767123
311,2033,0.0376712328767123
311,2034,0.0376712328767123
311,2035,0.0376712328767123
311,2036,0.0376712328767123
311,2037,0.0376712328767123
311,2038,0.0376712328767123
311,2039,0.0376712328767123
311,2040,0.0376712328767123
311,2041,0.0376712328767123
311,2042,0.0376712328767123
311,2043,0.0376712328767123
311,2044,0.0376712328767123
311,2045,0.0376712328767123
311,2046,0.0376712328767123
311,2047,0.0376712328767123
311,2048,0.0376712328767123
311,2049,0.0376712328767123
311,2050,0.0376712328767123
312,2019,0.0376712328767123
312,2020,0.0376712328767123
312,2021,0.0376712328767123
312,2022,0.0376712328767123
312,2023,0.0376712328767123
312,2024,0.0376712328767123
312,2025,0.0376712328767123
312,2026,0.0376712328767123
312,2027,0.0376712328767123
312,2028,0.0376712328767123
312,2029,0.0376712328767123
312,2030,0.0376712328767123
312,2031,0.0376712328767123
312,2032,0.0376712328767123
312,2033,0.0376712328767123
312,2034,0.0376712328767123
312,2035,0.0376712328767123
312,2036,0.0376712328767123
312,2037,0.0376712328767123
312,2038,0.0376712328767123
312,2039,0.0376712328767123
312,2040,0.0376712328767123
312,2041,0.0376712328767123
312,2042,0.0376712328767123
312,2043,0.0376712328767123
312,2044,0.0376712328767123
312,2045,0.0376712328767123
312,2046,0.0376712328767123
312,2047,0.0376712328767123
312,2048,0.0376712328767123
312,2049,0.0376712328767123
312,2050,0.0376712328767123
313,2019,0.0150684931506849
313,2020,0.0150684931506849
313,2021,0.0150684931506849
313,2022,0.0150684931506849
313,2023,0.0150684931506849
313,2024,0.0150684931506849
313,2025,0.0150684931506849
313,2026,0.0150684931506849
313,2027,0.0150684931506849
313,2028,0.0150684931506849
313,2029,0.0150684931506849
313,2030,0.0150684931506849
313,2031,0.0150684931506849
313,2032,0.0150684931506849
313,2033,0.0150684931506849
313,2034,0.0150684931506849
313,2035,0.0150684931506849
313,2036,0.0150684931506849
313,2037,0.0150684931506849
313,2038,0.0150684931506849
313,2039,0.0150684931506849
313,2040,0.0150684931506849
313,2041,0.0150684931506849
313,2042,0.0150684931506849
313,2043,0.0150684931506849
313,2044,0.0150684931506849
313,2045,0.0150684931506849
313,2046,0.0150684931506849
313,2047,0.0150684931506849
313,2048,0.0150684931506849
313,2049,0.0150684931506849
313,2050,0.0150684931506849
314,2019,0.0226027397260274
314,2020,0.0226027397260274
314,2021,0.0226027397260274
314,2022,0.0226027397260274
314,2023,0.0226027397260274
314,2024,0.0226027397260274
314,2025,0.0226027397260274
314,2026,0.0226027397260274
314,2027,0.0226027397260274
314,2028,0.0226027397260274
314,2029,0.0226027397260274
314,2030,0.0226027397260274
314,2031,0.0226027397260274
314,2032,0.0226027397260274
314,2033,0.0226027397260274
314,2034,0.0226027397260274
314,2035,0.0226027397260274
314,2036,0.0226027397260274
314,2037,0.0226027397260274
314,2038,0.0226027397260274
314,2039,0.0226027397260274
314,2040,0.0226027397260274
314,2041,0.0226027397260274
314,2042,0.0226027397260274
314,2043,0.0226027397260274
314,2044,0.0226027397260274
314,2045,0.0226027397260274
314,2046,0.0226027397260274
314,2047,0.0226027397260274
314,2048,0.0226027397260274
314,2049,0.0226027397260274
314,2050,0.0226027397260274
315,2019,0.0150684931506849
315,2020,0.0150684931506849
315,2021,0.0150684931506849
315,2022,0.0150684931506849
315,2023,0.0150684931506849
315,2024,0.0150684931506849
315,2025,0.0150684931506849
315,2026,0.0150684931506849
315,2027,0.0150684931506849
315,2028,0.0150684931506849
315,2029,0.0150684931506849
315,2030,0.0150684931506849
315,2031,0.0150684931506849
315,2032,0.0150684931506849
315,2033,0.0150684931506849
315,2034,0.0150684931506849
315,2035,0.0150684931506849
315,2036,0.0150684931506849
315,2037,0.0150684931506849
315,2038,0.0150684931506849
315,2039,0.0150684931506849
315,2040,0.0150684931506849
315,2041,0.0150684931506849
315,2042,0.0150684931506849
315,2043,0.0150684931506849
315,2044,0.0150684931506849
315,2045,0.0150684931506849
315,2046,0.0150684931506849
315,2047,0.0150684931506849
315,2048,0.0150684931506849
315,2049,0.0150684931506849
315,2050,0.0150684931506849
316,2019,0.0226027397260274
316,2020,0.0226027397260274
316,2021,0.0226027397260274
316,2022,0.0226027397260274
316,2023,0.0226027397260274
316,2024,0.0226027397260274
316,2025,0.0226027397260274
316,2026,0.0226027397260274
316,2027,0.0226027397260274
316,2028,0.0226027397260274
316,2029,0.0226027397260274
316,2030,0.0226027397260274
316,2031,0.0226027397260274
316,2032,0.0226027397260274
316,2033,0.0226027397260274
316,2034,0.0226027397260274
316,2035,0.0226027397260274
316,2036,0.0226027397260274
316,2037,0.0226027397260274
316,2038,0.0226027397260274
316,2039,0.0226027397260274
316,2040,0.0226027397260274
316,2041,0.0226027397260274
316,2042,0.0226027397260274
316,2043,0.0226027397260274
316,2044,0.0226027397260274
316,2045,0.0226027397260274
316,2046,0.0226027397260274
316,2047,0.0226027397260274
316,2048,0.0226027397260274
316,2049,0.0226027397260274
316,2050,0.0226027397260274
317,2019,0.0150684931506849
317,2020,0.0150684931506849
317,2021,0.0150684931506849
317,2022,0.0150684931506849
317,2023,0.0150684931506849
317,2024,0.0150684931506849
317,2025,0.0150684931506849
317,2026,0.0150684931506849
317,2027,0.0150684931506849
317,2028,0.0150684931506849
317,2029,0.0150684931506849
317,2030,0.0150684931506849
317,2031,0.0150684931506849
317,2032,0.0150684931506849
317,2033,0.0150684931506849
317,2034,0.0150684931506849
317,2035,0.0150684931506849
317,2036,0.0150684931506849
317,2037,0.0150684931506849
317,2038,0.0150684931506849
317,2039,0.0150684931506849
317,2040,0.0150684931506849
317,2041,0.0150684931506849
317,2042,0.0150684931506849
317,2043,0.0150684931506849
317,2044,0.0150684931506849
317,2045,0.0150684931506849
317,2046,0.0150684931506849
317,2047,0.0150684931506849
317,2048,0.0150684931506849
317,2049,0.0150684931506849
317,2050,0.0150684931506849
318,2019,0.0150684931506849
318,2020,0.0150684931506849
318,2021,0.0150684931506849
318,2022,0.0150684931506849
318,2023,0.0150684931506849
318,2024,0.0150684931506849
318,2025,0.0150684931506849
318,2026,0.0150684931506849
318,2027,0.0150684931506849
318,2028,0.0150684931506849
318,2029,0.0150684931506849
318,2030,0.0150684931506849
318,2031,0.0150684931506849
318,2032,0.0150684931506849
318,2033,0.0150684931506849
318,2034,0.0150684931506849
318,2035,0.0150684931506849
318,2036,0.0150684931506849
318,2037,0.0150684931506849
318,2038,0.0150684931506849
318,2039,0.0150684931506849
318,2040,0.0150684931506849
318,2041,0.0150684931506849
318,2042,0.0150684931506849
318,2043,0.0150684931506849
318,2044,0.0150684931506849
318,2045,0.0150684931506849
318,2046,0.0150684931506849
318,2047,0.0150684931506849
318,2048,0.0150684931506849
318,2049,0.0150684931506849
318,2050,0.0150684931506849
321,2019,0.0148401826484018
321,2020,0.0148401826484018
321,2021,0.0148401826484018
321,2022,0.0148401826484018
321,2023,0.0148401826484018
321,2024,0.0148401826484018
321,2025,0.0148401826484018
321,2026,0.0148401826484018
321,2027,0.0148401826484018
321,2028,0.0148401826484018
321,2029,0.0148401826484018
321,2030,0.0148401826484018
321,2031,0.0148401826484018
321,2032,0.0148401826484018
321,2033,0.0148401826484018
321,2034,0.0148401826484018
321,2035,0.0148401826484018
321,2036,0.0148401826484018
321,2037,0.0148401826484018
321,2038,0.0148401826484018
321,2039,0.0148401826484018
321,2040,0.0148401826484018
321,2041,0.0148401826484018
321,2042,0.0148401826484018
321,2043,0.0148401826484018
321,2044,0.0148401826484018
321,2045,0.0148401826484018
321,2046,0.0148401826484018
321,2047,0.0148401826484018
321,2048,0.0148401826484018
321,2049,0.0148401826484018
321,2050,0.0148401826484018
322,2019,0.0148401826484018
322,2020,0.0148401826484018
322,2021,0.0148401826484018
322,2022,0.0148401826484018
322,2023,0.0148401826484018
322,2024,0.0148401826484018
322,2025,0.0148401826484018
322,2026,0.0148401826484018
322,2027,0.0148401826484018
322,2028,0.0148401826484018
322,2029,0.0148401826484018
322,2030,0.0148401826484018
322,2031,0.0148401826484018
322,2032,0.0148401826484018
322,2033,0.0148401826484018
322,2034,0.0148401826484018
322,2035,0.0148401826484018
322,2036,0.0148401826484018
322,2037,0.0148401826484018
322,2038,0.0148401826484018
322,2039,0.0148401826484018
322,2040,0.0148401826484018
322,2041,0.0148401826484018
322,2042,0.0148401826484018
322,2043,0.0148401826484018
322,2044,0.0148401826484018
322,2045,0.0148401826484018
322,2046,0.0148401826484018
322,2047,0.0148401826484018
322,2048,0.0148401826484018
322,2049,0.0148401826484018
322,2050,0.0148401826484018
323,2019,0.00593607305936073
323,2020,0.00593607305936073
323,2021,0.00593607305936073
323,2022,0.00593607305936073
323,2023,0.00593607305936073
323,2024,0.00593607305936073
323,2025,0.00593607305936073
323,2026,0.00593607305936073
323,2027,0.00593607305936073
323,2028,0.00593607305936073
323,2029,0.00593607305936073
323,2030,0.00593607305936073
323,2031,0.00593607305936073
323,2032,0.00593607305936073
323,2033,0.00593607305936073
323,2034,0.00593607305936073
323,2035,0.00593607305936073
323,2036,0.00593607305936073
323,2037,0.00593607305936073
323,2038,0.00593607305936073
323,2039,0.00593607305936073
323,2040,0.00593607305936073
323,2041,0.00593607305936073
323,2042,0.00593607305936073
323,2043,0.00593607305936073
323,2044,0.00593607305936073
323,2045,0.00593607305936073
323,2046,0.00593607305936073
323,2047,0.00593607305936073
323,2048,0.00593607305936073
323,2049,0.00593607305936073
323,2050,0.00593607305936073
324,2019,0.0089041095890411
324,2020,0.0089041095890411
324,2021,0.0089041095890411
324,2022,0.0089041095890411
324,2023,0.0089041095890411
324,2024,0.0089041095890411
324,2025,0.0089041095890411
324,2026,0.0089041095890411
324,2027,0.0089041095890411
324,2028,0.0089041095890411
324,2029,0.0089041095890411
324,2030,0.0089041095890411
324,2031,0.0089041095890411
324,2032,0.0089041095890411
324,2033,0.0089041095890411
324,2034,0.0089041095890411
324,2035,0.0089041095890411
324,2036,0.0089041095890411
324,2037,0.0089041095890411
324,2038,0.0089041095890411
324,2039,0.0089041095890411
324,2040,0.0089041095890411
324,2041,0.0089041095890411
324,2042,0.0089041095890411
324,2043,0.0089041095890411
324,2044,0.0089041095890411
324,2045,0.0089041095890411
324,2046,0.0089041095890411
324,2047,0.0089041095890411
324,2048,0.0089041095890411
324,2049,0.0089041095890411
324,2050,0.0089041095890411
325,2019,0.00593607305936073
325,2020,0.00593607305936073
325,2021,0.00593607305936073
325,2022,0.00593607305936073
325,2023,0.00593607305936073
325,2024,0.00593607305936073
325,2025,0.00593607305936073
325,2026,0.00593607305936073
325,2027,0.00593607305936073
325,2028,0.00593607305936073
325,2029,0.00593607305936073
325,2030,0.00593607305936073
325,2031,0.00593607305936073
325,2032,0.00593607305936073
325,2033,0.00593607305936073
325,2034,0.00593607305936073
325,2035,0.00593607305936073
325,2036,0.00593607305936073
325,2037,0.00593607305936073
325,2038,0.00593607305936073
325,2039,0.00593607305936073
325,2040,0.00593607305936073
325,2041,0.00593607305936073
325,2042,0.00593607305936073
325,2043,0.00593607305936073
325,2044,0.00593607305936073
325,2045,0.00593607305936073
325,2046,0.00593607305936073
325,2047,0.00593607305936073
325,2048,0.00593607305936073
325,2049,0.00593607305936073
325,2050,0.00593607305936073
326,2019,0.0089041095890411
326,2020,0.0089041095890411
326,2021,0.0089041095890411
326,2022,0.0089041095890411
326,2023,0.0089041095890411
326,2024,0.0089041095890411
326,2025,0.0089041095890411
326,2026,0.0089041095890411
326,2027,0.0089041095890411
326,2028,0.0089041095890411
326,2029,0.0089041095890411
326,2030,0.0089041095890411
326,2031,0.0089041095890411
326,2032,0.0089041095890411
326,2033,0.0089041095890411
326,2034,0.0089041095890411
326,2035,0.0089041095890411
326,2036,0.0089041095890411
326,2037,0.0089041095890411
326,2038,0.0089041095890411
326,2039,0.0089041095890411
326,2040,0.0089041095890411
326,2041,0.0089041095890411
326,2042,0.0089041095890411
326,2043,0.0089041095890411
326,2044,0.0089041095890411
326,2045,0.0089041095890411
326,2046,0.0089041095890411
326,2047,0.0089041095890411
326,2048,0.0089041095890411
326,2049,0.0089041095890411
326,2050,0.0089041095890411
327,2019,0.00593607305936073
327,2020,0.00593607305936073
327,2021,0.00593607305936073
327,2022,0.00593607305936073
327,2023,0.00593607305936073
327,2024,0.00593607305936073
327,2025,0.00593607305936073
327,2026,0.00593607305936073
327,2027,0.00593607305936073
327,2028,0.00593607305936073
327,2029,0.00593607305936073
327,2030,0.00593607305936073
327,2031,0.00593607305936073
327,2032,0.00593607305936073
327,2033,0.00593607305936073
327,2034,0.00593607305936073
327,2035,0.00593607305936073
327,2036,0.00593607305936073
327,2037,0.00593607305936073
327,2038,0.00593607305936073
327,2039,0.00593607305936073
327,2040,0.00593607305936073
327,2041,0.00593607305936073
327,2042,0.00593607305936073
327,2043,0.00593607305936073
327,2044,0.00593607305936073
327,2045,0.00593607305936073
327,2046,0.00593607305936073
327,2047,0.00593607305936073
327,2048,0.00593607305936073
327,2049,0.00593607305936073
327,2050,0.00593607305936073
328,2019,0.00593607305936073
328,2020,0.00593607305936073
328,2021,0.00593607305936073
328,2022,0.00593607305936073
328,2023,0.00593607305936073
328,2024,0.00593607305936073
328,2025,0.00593607305936073
328,2026,0.00593607305936073
328,2027,0.00593607305936073
328,2028,0.00593607305936073
328,2029,0.00593607305936073
328,2030,0.00593607305936073
328,2031,0.00593607305936073
328,2032,0.00593607305936073
328,2033,0.00593607305936073
328,2034,0.00593607305936073
328,2035,0.00593607305936073
328,2036,0.00593607305936073
328,2037,0.00593607305936073
328,2038,0.00593607305936073
328,2039,0.00593607305936073
328,2040,0.00593607305936073
328,2041,0.00593607305936073
328,2042,0.00593607305936073
328,2043,0.00593607305936073
328,2044,0.00593607305936073
328,2045,0.00593607305936073
328,2046,0.00593607305936073
328,2047,0.00593607305936073
328,2048,0.00593607305936073
328,2049,0.00593607305936073
328,2050,0.00593607305936073
411,2019,0.0371004566210046
411,2020,0.0371004566210046
411,2021,0.0371004566210046
411,2022,0.0371004566210046
411,2023,0.0371004566210046
411,2024,0.0371004566210046
411,2025,0.0371004566210046
411,2026,0.0371004566210046
411,2027,0.0371004566210046
411,2028,0.0371004566210046
411,2029,0.0371004566210046
411,2030,0.0371004566210046
411,2031,0.0371004566210046
411,2032,0.0371004566210046
411,2033,0.0371004566210046
411,2034,0.0371004566210046
411,2035,0.0371004566210046
411,2036,0.0371004566210046
411,2037,0.0371004566210046
411,2038,0.0371004566210046
411,2039,0.0371004566210046
411,2040,0.0371004566210046
411,2041,0.0371004566210046
411,2042,0.0371004566210046
411,2043,0.0371004566210046
411,2044,0.0371004566210046
411,2045,0.0371004566210046
411,2046,0.0371004566210046
411,2047,0.0371004566210046
411,2048,0.0371004566210046
411,2049,0.0371004566210046
411,2050,0.0371004566210046
412,2019,0.0371004566210046
412,2020,0.0371004566210046
412,2021,0.0371004566210046
412,2022,0.0371004566210046
412,2023,0.0371004566210046
412,2024,0.0371004566210046
412,2025,0.0371004566210046
412,2026,0.0371004566210046
412,2027,0.0371004566210046
412,2028,0.0371004566210046
412,2029,0.0371004566210046
412,2030,0.0371004566210046
412,2031,0.0371004566210046
412,2032,0.0371004566210046
412,2033,0.0371004566210046
412,2034,0.0371004566210046
412,2035,0.0371004566210046
412,2036,0.0371004566210046
412,2037,0.0371004566210046
412,2038,0.0371004566210046
412,2039,0.0371004566210046
412,2040,0.0371004566210046
412,2041,0.0371004566210046
412,2042,0.0371004566210046
412,2043,0.0371004566210046
412,2044,0.0371004566210046
412,2045,0.0371004566210046
412,2046,0.0371004566210046
412,2047,0.0371004566210046
412,2048,0.0371004566210046
412,2049,0.0371004566210046
412,2050,0.0371004566210046
413,2019,0.0148401826484018
413,2020,0.0148401826484018
413,2021,0.0148401826484018
413,2022,0.0148401826484018
413,2023,0.0148401826484018
413,2024,0.0148401826484018
413,2025,0.0148401826484018
413,2026,0.0148401826484018
413,2027,0.0148401826484018
413,2028,0.0148401826484018
413,2029,0.0148401826484018
413,2030,0.0148401826484018
413,2031,0.0148401826484018
413,2032,0.0148401826484018
413,2033,0.0148401826484018
413,2034,0.0148401826484018
413,2035,0.0148401826484018
413,2036,0.0148401826484018
413,2037,0.0148401826484018
413,2038,0.0148401826484018
413,2039,0.0148401826484018
413,2040,0.0148401826484018
413,2041,0.0148401826484018
413,2042,0.0148401826484018
413,2043,0.0148401826484018
413,2044,0.0148401826484018
413,2045,0.0148401826484018
413,2046,0.0148401826484018
413,2047,0.0148401826484018
413,2048,0.0148401826484018
413,2049,0.0148401826484018
413,2050,0.0148401826484018
414,2019,0.0222602739726027
414,2020,0.0222602739726027
414,2021,0.0222602739726027
414,2022,0.0222602739726027
414,2023,0.0222602739726027
414,2024,0.0222602739726027
414,2025,0.0222602739726027
414,2026,0.0222602739726027
414,2027,0.0222602739726027
414,2028,0.0222602739726027
414,2029,0.0222602739726027
414,2030,0.0222602739726027
414,2031,0.0222602739726027
414,2032,0.0222602739726027
414,2033,0.0222602739726027
414,2034,0.0222602739726027
414,2035,0.0222602739726027
414,2036,0.0222602739726027
414,2037,0.0222602739726027
414,2038,0.0222602739726027
414,2039,0.0222602739726027
414,2040,0.0222602739726027
414,2041,0.0222602739726027
414,2042,0.0222602739726027
414,2043,0.0222602739726027
414,2044,0.0222602739726027
414,2045,0.0222602739726027
414,2046,0.0222602739726027
414,2047,0.0222602739726027
414,2048,0.0222602739726027
414,2049,0.0222602739726027
414,2050,0.0222602739726027
415,2019,0.0148401826484018
415,2020,0.0148401826484018
415,2021,0.0148401826484018
415,2022,0.0148401826484018
415,2023,0.0148401826484018
415,2024,0.0148401826484018
415,2025,0.0148401826484018
415,2026,0.0148401826484018
415,2027,0.0148401826484018
415,2028,0.0148401826484018
415,2029,0.0148401826484018
415,2030,0.0148401826484018
415,2031,0.0148401826484018
415,2032,0.0148401826484018
415,2033,0.0148401826484018
415,2034,0.0148401826484018
415,2035,0.0148401826484018
415,2036,0.0148401826484018
415,2037,0.0148401826484018
415,2038,0.0148401826484018
415,2039,0.0148401826484018
415,2040,0.0148401826484018
415,2041,0.0148401826484018
415,2042,0.0148401826484018
415,2043,0.0148401826484018
415,2044,0.0148401826484018
415,2045,0.0148401826484018
415,2046,0.0148401826484018
415,2047,0.0148401826484018
415,2048,0.0148401826484018
415,2049,0.0148401826484018
415,2050,0.0148401826484018
416,2019,0.0222602739726027
416,2020,0.0222602739726027
416,2021,0.0222602739726027
416,2022,0.0222602739726027
416,2023,0.0222602739726027
416,2024,0.0222602739726027
416,2025,0.0222602739726027
416,2026,0.0222602739726027
416,2027,0.0222602739726027
416,2028,0.0222602739726027
416,2029,0.0222602739726027
416,2030,0.0222602739726027
416,2031,0.0222602739726027
416,2032,0.0222602739726027
416,2033,0.0222602739726027
416,2034,0.0222602739726027
416,2035,0.0222602739726027
416,2036,0.0222602739726027
416,2037,0.0222602739726027
416,2038,0.0222602739726027
416,2039,0.0222602739726027
416,2040,0.0222602739726027
416,2041,0.0222602739726027
416,2042,0.0222602739726027
416,2043,0.0222602739726027
416,2044,0.0222602739726027
416,2045,0.0222602739726027
416,2046,0.0222602739726027
416,2047,0.0222602739726027
416,2048,0.0222602739726027
416,2049,0.0222602739726027
416,2050,0.0222602739726027
417,2019,0.0148401826484018
417,2020,0.0148401826484018
417,2021,0.0148401826484018
417,2022,0.0148401826484018
417,2023,0.0148401826484018
417,2024,0.0148401826484018
417,2025,0.0148401826484018
417,2026,0.0148401826484018
417,2027,0.0148401826484018
417,2028,0.0148401826484018
417,2029,0.0148401826484018
417,2030,0.0148401826484018
417,2031,0.0148401826484018
417,2032,0.0148401826484018
417,2033,0.0148401826484018
417,2034,0.0148401826484018
417,2035,0.0148401826484018
417,2036,0.0148401826484018
417,2037,0.0148401826484018
417,2038,0.0148401826484018
417,2039,0.0148401826484018
417,2040,0.0148401826484018
417,2041,0.0148401826484018
417,2042,0.0148401826484018
417,2043,0.0148401826484018
417,2044,0.0148401826484018
417,2045,0.0148401826484018
417,2046,0.0148401826484018
417,2047,0.0148401826484018
417,2048,0.0148401826484018
417,2049,0.0148401826484018
417,2050,0.0148401826484018
418,2019,0.0148401826484018
418,2020,0.0148401826484018
418,2021,0.0148401826484018
418,2022,0.0148401826484018
418,2023,0.0148401826484018
418,2024,0.0148401826484018
418,2025,0.0148401826484018
418,2026,0.0148401826484018
418,2027,0.0148401826484018
418,2028,0.0148401826484018
418,2029,0.0148401826484018
418,2030,0.0148401826484018
418,2031,0.0148401826484018
418,2032,0.0148401826484018
418,2033,0.0148401826484018
418,2034,0.0148401826484018
418,2035,0.0148401826484018
418,2036,0.0148401826484018
418,2037,0.0148401826484018
418,2038,0.0148401826484018
418,2039,0.0148401826484018
418,2040,0.0148401826484018
418,2041,0.0148401826484018
418,2042,0.0148401826484018
418,2043,0.0148401826484018
418,2044,0.0148401826484018
418,2045,0.0148401826484018
418,2046,0.0148401826484018
418,2047,0.0148401826484018
418,2048,0.0148401826484018
418,2049,0.0148401826484018
418,2050,0.0148401826484018
421,2019,0.0148401826484018
421,2020,0.0148401826484018
421,2021,0.0148401826484018
421,2022,0.0148401826484018
421,2023,0.0148401826484018
421,2024,0.0148401826484018
421,2025,0.0148401826484018
421,2026,0.0148401826484018
421,2027,0.0148401826484018
421,2028,0.0148401826484018
421,2029,0.0148401826484018
421,2030,0.0148401826484018
421,2031,0.0148401826484018
421,2032,0.0148401826484018
421,2033,0.0148401826484018
421,2034,0.0148401826484018
421,2035,0.0148401826484018
421,2036,0.0148401826484018
421,2037,0.0148401826484018
421,2038,0.0148401826484018
421,2039,0.0148401826484018
421,2040,0.0148401826484018
421,2041,0.0148401826484018
421,2042,0.0148401826484018
421,2043,0.0148401826484018
421,2044,0.0148401826484018
421,2045,0.0148401826484018
421,2046,0.0148401826484018
421,2047,0.0148401826484018
421,2048,0.0148401826484018
421,2049,0.0148401826484018
421,2050,0.0148401826484018
422,2019,0.0148401826484018
422,2020,0.0148401826484018
422,2021,0.0148401826484018
422,2022,0.0148401826484018
422,2023,0.0148401826484018
422,2024,0.0148401826484018
422,2025,0.0148401826484018
422,2026,0.0148401826484018
422,2027,0.0148401826484018
422,2028,0.0148401826484018
422,2029,0.0148401826484018
422,2030,0.0148401826484018
422,2031,0.0148401826484018
422,2032,0.0148401826484018
422,2033,0.0148401826484018
422,2034,0.0148401826484018
422,2035,0.0148401826484018
422,2036,0.0148401826484018
422,2037,0.0148401826484018
422,2038,0.0148401826484018
422,2039,0.0148401826484018
422,2040,0.0148401826484018
422,2041,0.0148401826484018
422,2042,0.0148401826484018
422,2043,0.0148401826484018
422,2044,0.0148401826484018
422,2045,0.0148401826484018
422,2046,0.0148401826484018
422,2047,0.0148401826484018
422,2048,0.0148401826484018
422,2049,0.0148401826484018
422,2050,0.0148401826484018
423,2019,0.00593607305936073
423,2020,0.00593607305936073
423,2021,0.00593607305936073
423,2022,0.00593607305936073
423,2023,0.00593607305936073
423,2024,0.00593607305936073
423,2025,0.00593607305936073
423,2026,0.00593607305936073
423,2027,0.00593607305936073
423,2028,0.00593607305936073
423,2029,0.00593607305936073
423,2030,0.00593607305936073
423,2031,0.00593607305936073
423,2032,0.00593607305936073
423,2033,0.00593607305936073
423,2034,0.00593607305936073
423,2035,0.00593607305936073
423,2036,0.00593607305936073
423,2037,0.00593607305936073
423,2038,0.00593607305936073
423,2039,0.00593607305936073
423,2040,0.00593607305936073
423,2041,0.00593607305936073
423,2042,0.00593607305936073
423,2043,0.00593607305936073
423,2044,0.00593607305936073
423,2045,0.00593607305936073
423,2046,0.00593607305936073
423,2047,0.00593607305936073
423,2048,0.00593607305936073
423,2049,0.00593607305936073
423,2050,0.00593607305936073
424,2019,0.0089041095890411
424,2020,0.0089041095890411
424,2021,0.0089041095890411
424,2022,0.0089041095890411
424,2023,0.0089041095890411
424,2024,0.0089041095890411
424,2025,0.0089041095890411
424,2026,0.0089041095890411
424,2027,0.0089041095890411
424,2028,0.0089041095890411
424,2029,0.0089041095890411
424,2030,0.0089041095890411
424,2031,0.0089041095890411
424,2032,0.0089041095890411
424,2033,0.0089041095890411
424,2034,0.0089041095890411
424,2035,0.0089041095890411
424,2036,0.0089041095890411
424,2037,0.0089041095890411
424,2038,0.0089041095890411
424,2039,0.0089041095890411
424,2040,0.0089041095890411
424,2041,0.0089041095890411
424,2042,0.0089041095890411
424,2043,0.0089041095890411
424,2044,0.0089041095890411
424,2045,0.0089041095890411
424,2046,0.0089041095890411
424,2047,0.0089041095890411
424,2048,0.0089041095890411
424,2049,0.0089041095890411
424,2050,0.0089041095890411
425,2019,0.00593607305936073
425,2020,0.00593607305936073
425,2021,0.00593607305936073
425,2022,0.00593607305936073
425,2023,0.00593607305936073
425,2024,0.00593607305936073
425,2025,0.00593607305936073
425,2026,0.00593607305936073
425,2027,0.00593607305936073
425,2028,0.00593607305936073
425,2029,0.00593607305936073
425,2030,0.00593607305936073
425,2031,0.00593607305936073
425,2032,0.00593607305936073
425,2033,0.00593607305936073
425,2034,0.00593607305936073
425,2035,0.00593607305936073
425,2036,0.00593607305936073
425,2037,0.00593607305936073
425,2038,0.00593607305936073
425,2039,0.00593607305936073
425,2040,0.00593607305936073
425,2041,0.00593607305936073
425,2042,0.00593607305936073
425,2043,0.00593607305936073
425,2044,0.00593607305936073
425,2045,0.00593607305936073
425,2046,0.00593607305936073
425,2047,0.00593607305936073
425,2048,0.00593607305936073
425,2049,0.00593607305936073
425,2050,0.00593607305936073
426,2019,0.0089041095890411
426,2020,0.0089041095890411
426,2021,0.0089041095890411
426,2022,0.0089041095890411
426,2023,0.0089041095890411
426,2024,0.0089041095890411
426,2025,0.0089041095890411
426,2026,0.0089041095890411
426,2027,0.0089041095890411
426,2028,0.0089041095890411
426,2029,0.0089041095890411
426,2030,0.0089041095890411
426,2031,0.0089041095890411
426,2032,0.0089041095890411
426,2033,0.0089041095890411
426,2034,0.0089041095890411
426,2035,0.0089041095890411
426,2036,0.0089041095890411
426,2037,0.0089041095890411
426,2038,0.0089041095890411
426,2039,0.0089041095890411
426,2040,0.0089041095890411
426,2041,0.0089041095890411
426,2042,0.0089041095890411
426,2043,0.0089041095890411
426,2044,0.0089041095890411
426,2045,0.0089041095890411
426,2046,0.0089041095890411
426,2047,0.0089041095890411
426,2048,0.0089041095890411
426,2049,0.0089041095890411
426,2050,0.0089041095890411
427,2019,0.00593607305936073
427,2020,0.00593607305936073
427,2021,0.00593607305936073
427,2022,0.00593607305936073
427,2023,0.00593607305936073
427,2024,0.00593607305936073
427,2025,0.00593607305936073
427,2026,0.00593607305936073
427,2027,0.00593607305936073
427,2028,0.00593607305936073
427,2029,0.00593607305936073
427,2030,0.00593607305936073
427,2031,0.00593607305936073
427,2032,0.00593607305936073
427,2033,0.00593607305936073
427,2034,0.00593607305936073
427,2035,0.00593607305936073
427,2036,0.00593607305936073
427,2037,0.00593607305936073
427,2038,0.00593607305936073
427,2039,0.00593607305936073
427,2040,0.00593607305936073
427,2041,0.00593607305936073
427,2042,0.00593607305936073
427,2043,0.00593607305936073
427,2044,0.00593607305936073
427,2045,0.00593607305936073
427,2046,0.00593607305936073
427,2047,0.00593607305936073
427,2048,0.00593607305936073
427,2049,0.00593607305936073
427,2050,0.00593607305936073
428,2019,0.00593607305936073
428,2020,0.00593607305936073
428,2021,0.00593607305936073
428,2022,0.00593607305936073
428,2023,0.00593607305936073
428,2024,0.00593607305936073
428,2025,0.00593607305936073
428,2026,0.00593607305936073
428,2027,0.00593607305936073
428,2028,0.00593607305936073
428,2029,0.00593607305936073
428,2030,0.00593607305936073
428,2031,0.00593607305936073
428,2032,0.00593607305936073
428,2033,0.00593607305936073
428,2034,0.00593607305936073
428,2035,0.00593607305936073
428,2036,0.00593607305936073
428,2037,0.00593607305936073
428,2038,0.00593607305936073
428,2039,0.00593607305936073
428,2040,0.00593607305936073
428,2041,0.00593607305936073
428,2042,0.00593607305936073
428,2043,0.00593607305936073
428,2044,0.00593607305936073
428,2045,0.00593607305936073
428,2046,0.00593607305936073
428,2047,0.00593607305936073
428,2048,0.00593607305936073
428,2049,0.00593607305936073
428,2050,0.00593607305936073
